,Name,Season,Pos,TRB,AST,STL,BLK,PTS,TS%,WS/48,BPM,VORP,Wins,Seed,All-Star,All-NBA
1,Giannis Antetokounmpo,2017-18,F,13.6,6.5,2,1.9,36.4,0.598,0.207,5.8,5.4,44,7,1,1
4,Paul George,2017-18,F,7.7,4.5,2.8,0.7,29.8,0.57,0.147,2.5,3.3,48,4,1,1
5,James Harden,2017-18,G,7.5,12.2,2.4,1,42.3,0.619,0.289,10.9,8.3,65,1,1,1
4,Stephen Curry,2017-18,G,7.7,9.2,2.4,0.2,39.8,0.675,0.267,8.6,4.4,58,2,1,1
0,Joel Embiid,2017-18,C,17.4,5,1,2.8,36.3,0.573,0.155,2.6,2.2,52,3,1,1
8,Kevin Durant,2017-18,F,9.6,7.6,1,2.5,37.1,0.64,0.215,5.6,4.5,58,2,1,1
3,Damian Lillard,2017-18,G,6.1,9,1.4,0.5,36.6,0.594,0.227,6.7,5.9,49,3,1,1
4,Kyrie Irving,2017-18,G,5.9,7.9,1.7,0.4,37.9,0.61,0.222,6.2,4,55,2,1,0
13,LeBron James,2017-18,F,11.5,12.1,1.9,1.1,36.4,0.621,0.221,9.6,8.9,50,4,1,1
1,Kemba Walker,2017-18,G,4.4,7.9,1.6,0.4,31.6,0.572,0.15,3.2,3.6,36,10,1,0
6,Russell Westbrook,2017-18,G,13.7,14,2.5,0.3,34.5,0.524,0.166,8.2,7.5,48,4,1,1
4,Anthony Davis,2017-18,F,14.6,3,2,3.4,36.9,0.612,0.241,5.2,4.9,48,6,1,1
6,LaMarcus Aldridge,2017-18,C,12.8,3.1,0.9,1.8,34.9,0.57,0.209,3.3,3.3,47,7,1,1
3,DeMar DeRozan,2017-18,G,5.7,7.6,1.5,0.4,33.5,0.555,0.17,1.8,2.6,59,1,1,1
0,Karl-Anthony Towns,2017-18,C,17.3,3.4,1.1,2,29.9,0.646,0.23,5.5,5.5,47,8,1,1
3,Jimmy Butler,2017-18,G,7.3,6.7,2.7,0.6,30.2,0.59,0.198,5,3.8,47,8,1,1
0,Victor Oladipo,2017-18,G,7.6,6.3,3.5,1.1,34,0.577,0.155,4.9,4.5,48,5,1,1
2,Draymond Green,2017-18,F,11.3,10.7,2,1.9,16.3,0.556,0.127,3.2,3,58,2,1,0
4,John Wall,2017-18,G,5.3,13.8,2,1.6,28.1,0.515,0.092,1.5,1.2,43,8,1,0
3,DeMarcus Cousins,2017-18,C,17,7.1,2.2,2.1,33.3,0.583,0.13,5.5,3.3,48,6,1,0
1,Andre Drummond,2017-18,C,23.7,4.5,2.2,2.4,22.3,0.555,0.189,5.5,5,39,9,1,0
3,Klay Thompson,2017-18,G,5.3,3.6,1.1,0.7,28.1,0.598,0.094,-0.6,0.9,58,2,1,0
3,Kyle Lowry,2017-18,G,8.5,10.5,1.7,0.4,24.9,0.598,0.194,5.9,5,59,1,1,0
4,Kevin Love,2017-18,C,16.2,3.1,1.3,0.7,30.8,0.614,0.185,1.3,1.4,50,4,1,0
1,Goran Dragić,2017-18,G,6.5,7.6,1.3,0.3,27.4,0.543,0.106,-0.1,1.2,44,6,1,0
4,Al Horford,2017-18,C,11.6,7.4,0.9,1.7,20.3,0.575,0.165,4,3.5,55,2,1,0
0,Bradley Beal,2017-18,G,6.1,6.2,1.6,0.6,31,0.564,0.111,1.7,2.7,43,8,1,0
0,Kristaps Porziņģis,2017-18,F,10.1,1.8,1.1,3.7,34.7,0.539,0.099,-0.7,0.5,29,11,1,0
0,Giannis Antetokounmpo,2016-17,F,12.5,7.7,2.3,2.7,32.7,0.599,0.21,7.6,6.9,42,6,1,1
3,Paul George,2016-17,F,9.2,4.7,2.2,0.5,33,0.587,0.126,2.8,3.2,42,7,1,0
4,James Harden,2016-17,G,10.7,14.8,2,0.6,38.4,0.613,0.245,10.1,9,55,3,1,1
3,Stephen Curry,2016-17,G,6.4,9.6,2.6,0.3,36.5,0.624,0.229,7.3,6.2,67,1,1,1
7,Kevin Durant,2016-17,F,11.9,7,1.5,2.3,36.1,0.651,0.278,8,5.2,67,1,1,1
1,Kawhi Leonard,2016-17,F,8.9,5.4,2.7,1.1,38.9,0.61,0.264,7.9,6.2,61,2,1,1
3,Kyrie Irving,2016-17,G,4.5,8.3,1.6,0.5,35.9,0.58,0.17,2.5,2.9,51,2,1,0
0,Rudy Gobert,2016-17,C,19.8,1.9,0.9,4.1,21.7,0.681,0.25,5.8,5.4,51,5,0,1
12,LeBron James,2016-17,F,11.4,11.5,1.6,0.8,34.9,0.619,0.221,8.4,7.3,51,2,1,1
0,Kemba Walker,2016-17,G,5.6,7.9,1.6,0.4,33.5,0.569,0.142,3.6,3.9,36,11,1,0
5,Russell Westbrook,2016-17,G,15.1,14.7,2.3,0.5,44.8,0.554,0.224,15.6,12.4,47,6,1,1
3,Anthony Davis,2016-17,C,16,2.8,1.7,3,38,0.58,0.195,3.7,3.9,34,10,1,1
2,DeMar DeRozan,2016-17,G,7.5,5.6,1.5,0.3,39.1,0.552,0.166,0.9,1.9,51,3,1,1
2,Jimmy Butler,2016-17,F,8.4,7.5,2.6,0.6,32.6,0.586,0.236,6.9,6.3,41,8,1,1
2,DeAndre Jordan,2016-17,C,21.7,1.9,1,2.6,20,0.673,0.221,4.1,3.9,51,4,1,1
1,Draymond Green,2016-17,F,11.7,10.4,3,2.1,15.1,0.522,0.16,5.4,4.6,67,1,1,1
3,John Wall,2016-17,G,5.7,14.4,2.7,0.9,31.4,0.541,0.149,4.1,4.3,49,4,1,1
2,DeMarcus Cousins,2016-17,C,16.2,6.8,2,1.9,39.6,0.562,0.149,6.6,5.3,34,10,1,0
2,Klay Thompson,2016-17,G,5.2,2.9,1.2,0.7,31.6,0.592,0.129,0.3,1.5,67,1,1,0
2,Kyle Lowry,2016-17,G,6.5,9.4,2,0.4,30.4,0.623,0.216,6.6,4.9,51,3,1,0
3,Marc Gasol,2016-17,C,9.5,6.9,1.4,2,29.7,0.554,0.145,4.2,4,43,7,1,0
3,Kevin Love,2016-17,F,17.6,3.1,1.4,0.6,30.2,0.573,0.163,0.8,1.3,51,2,1,0
11,Carmelo Anthony,2016-17,F,8.6,4.2,1.2,0.7,32.7,0.535,0.089,-0.7,0.8,31,12,1,0
3,Paul Millsap,2016-17,F,11.2,5.3,1.9,1.3,26.2,0.542,0.132,2.7,2.7,43,5,1,0
0,Gordon Hayward,2016-17,F,8.2,5.3,1.5,0.4,33.4,0.595,0.199,4.2,4,51,5,1,0
2,Paul George,2015-16,F,9.9,5.8,2.7,0.5,33,0.557,0.157,4.5,4.6,45,7,1,1
3,James Harden,2015-16,G,7.9,9.6,2.2,0.8,37.4,0.598,0.204,6.7,6.9,41,8,1,0
2,Stephen Curry,2015-16,G,7.7,9.4,3,0.3,42.5,0.669,0.318,12.5,9.8,73,1,1,1
6,Kevin Durant,2015-16,F,11.3,7,1.3,1.6,39.1,0.634,0.27,7.9,6.4,55,3,1,1
0,Kawhi Leonard,2015-16,F,10.6,4,2.8,1.5,32.8,0.616,0.277,8.3,6.2,67,2,1,1
2,Damian Lillard,2015-16,G,5.6,9.6,1.2,0.5,35.1,0.56,0.165,3.7,3.8,44,5,0,1
11,LeBron James,2015-16,F,10.7,9.8,2,0.9,36.5,0.588,0.242,9.1,7.6,57,1,1,1
4,Russell Westbrook,2015-16,G,11.3,15.1,2.9,0.4,33.9,0.554,0.245,10,8.3,55,3,1,1
2,Anthony Davis,2015-16,C,14.4,2.7,1.8,2.9,33.9,0.559,0.16,2.2,2.3,30,12,1,0
5,LaMarcus Aldridge,2015-16,F,14.3,2.5,0.9,1.8,30.1,0.565,0.215,1.8,2.2,67,2,1,1
1,DeMar DeRozan,2015-16,G,6.4,5.8,1.5,0.4,33.7,0.55,0.169,1.4,2.4,56,2,1,0
1,Jimmy Butler,2015-16,G,7.3,6.5,2.2,0.9,28.4,0.562,0.177,4,3.7,42,9,1,0
1,DeAndre Jordan,2015-16,C,20.4,1.7,1,3.4,18.9,0.628,0.213,3.4,3.5,53,4,0,1
0,Draymond Green,2015-16,F,13.2,10.3,2,1.9,19.5,0.587,0.19,5.8,5.5,73,1,1,1
2,John Wall,2015-16,G,6.6,13.8,2.5,1,26.8,0.51,0.098,3.2,3.7,41,10,1,0
1,DeMarcus Cousins,2015-16,C,16,4.6,2.2,2,37.4,0.538,0.122,2.6,2.6,33,10,1,1
8,Chris Paul,2015-16,G,6.4,15.3,3.1,0.3,29.9,0.575,0.253,7.8,6,53,4,1,1
0,Andre Drummond,2015-16,C,22.7,1.3,2.3,2.1,24.9,0.499,0.133,-0.5,1,44,8,1,1
1,Klay Thompson,2015-16,G,5.5,3,1.1,0.9,32.1,0.597,0.144,0.7,1.8,73,1,1,1
1,Kyle Lowry,2015-16,G,6.6,9,2.9,0.6,29.6,0.578,0.196,6.8,6.3,56,2,1,1
5,Pau Gasol,2015-16,C,17.4,6.4,0.9,3.2,26,0.529,0.149,4,3.5,42,9,1,0
18,Kobe Bryant,2015-16,F,6.7,5,1.7,0.4,31.3,0.469,-0.01,-2.5,-0.2,17,15,1,0
10,Carmelo Anthony,2015-16,F,11.3,6.1,1.3,0.8,32,0.53,0.121,2.6,2.9,32,13,1,0
11,Dwyane Wade,2015-16,G,6.9,7.8,1.8,1,32,0.517,0.105,0.8,1.6,48,3,1,0
3,Al Horford,2015-16,C,11.2,4.9,1.3,2.3,23.5,0.565,0.172,4.1,4.1,48,4,1,0
10,Chris Bosh,2015-16,F,11.3,3.7,1,1,29.1,0.571,0.172,2.1,1.8,48,3,1,0
2,Paul Millsap,2015-16,F,13.7,4.9,2.7,2.6,25.9,0.556,0.183,5.3,4.9,48,4,1,0
2,James Harden,2014-15,G,7.7,9.4,2.6,1,37,0.605,0.265,8.4,7.8,56,2,1,1
1,Stephen Curry,2014-15,G,6.4,11.6,3,0.3,35.5,0.638,0.288,9.9,7.9,67,1,1,1
5,Kevin Durant,2014-15,F,9.8,6,1.3,1.4,37.7,0.633,0.252,6.1,1.9,45,9,1,0
1,Damian Lillard,2014-15,G,6.6,8.8,1.7,0.4,30,0.56,0.174,5.1,5.2,51,4,1,0
2,Kyrie Irving,2014-15,G,4.5,7.4,2.2,0.4,31,0.583,0.183,3.3,3.7,53,2,1,1
10,LeBron James,2014-15,F,8.7,10.7,2.3,1,36.3,0.577,0.199,7.4,5.9,53,2,1,1
4,Blake Griffin,2014-15,F,10.9,7.6,1.4,0.8,31.6,0.551,0.183,4.1,3.6,56,2,1,1
3,Russell Westbrook,2014-15,G,10.6,12.5,3,0.3,41.1,0.536,0.222,11,7.6,45,9,1,1
1,Anthony Davis,2014-15,F,14.9,3.2,2.1,4.3,35.4,0.591,0.274,7.1,5.7,45,8,1,1
4,LaMarcus Aldridge,2014-15,F,14.7,2.5,1,1.4,33.7,0.528,0.165,0.3,1.4,51,4,1,1
0,Jimmy Butler,2014-15,G,7.8,4.4,2.3,0.7,26.8,0.583,0.214,4.7,4.2,50,3,1,0
0,DeAndre Jordan,2014-15,C,22,1.1,1.5,3.3,17,0.638,0.217,4.1,4.3,56,2,0,1
1,John Wall,2014-15,G,6.6,14.3,2.5,0.8,25.1,0.523,0.132,3.5,3.9,46,5,1,0
0,DeMarcus Cousins,2014-15,C,18.7,5.3,2.3,2.6,35.5,0.545,0.144,4.7,3.4,29,13,1,1
7,Chris Paul,2014-15,G,6.7,14.9,2.8,0.3,27.7,0.596,0.27,7.5,6.9,56,2,1,1
0,Klay Thompson,2014-15,G,4.9,4.4,1.7,1.2,33.2,0.591,0.172,2.7,2.9,67,1,1,1
0,Kyle Lowry,2014-15,G,7,10.1,2.3,0.3,26.6,0.527,0.141,3.6,3.4,49,4,1,0
2,Marc Gasol,2014-15,C,12.2,6,1.4,2.5,27.4,0.558,0.182,4.8,4.6,55,5,1,1
4,Pau Gasol,2014-15,F,17.7,4.1,0.5,2.8,27.9,0.55,0.187,2.8,3.2,50,3,1,1
15,Tim Duncan,2014-15,C,16.2,5.3,1.4,3.5,24.6,0.56,0.207,5.5,4.2,55,5,1,1
17,Kobe Bryant,2014-15,G,8.4,8.3,2,0.3,33.1,0.477,0.006,0.3,0.7,21,14,1,0
9,Carmelo Anthony,2014-15,F,9.7,4.5,1.5,0.6,35.6,0.531,0.097,1.4,1.2,17,15,1,0
10,Dwyane Wade,2014-15,G,5.9,8,2,0.6,35.7,0.534,0.086,1.2,1.6,37,10,1,0
13,Dirk Nowitzki,2014-15,F,10.1,3.2,0.9,0.7,29.5,0.56,0.152,0.7,1.5,50,7,1,0
2,Al Horford,2014-15,C,12,5.4,1.5,2.2,25.5,0.563,0.179,3.8,3.4,60,1,1,0
9,Chris Bosh,2014-15,C,10.5,3.2,1.4,0.8,31.5,0.548,0.111,-0.1,0.8,37,10,1,0
1,Paul Millsap,2014-15,F,12.2,4.8,2.8,1.5,26,0.565,0.166,4.2,3.7,60,1,1,0
0,Kyle Korver,2014-15,G,6.4,4.1,1.1,0.9,19.3,0.699,0.148,3.3,3.3,60,1,1,0
0,Jeff Teague,2014-15,G,4.2,11.8,2.9,0.7,26.7,0.566,0.166,1.8,2.1,60,1,1,0
1,Paul George,2013-14,F,9.7,5.1,2.7,0.4,31.1,0.555,0.178,4.7,4.9,56,1,1,1
1,James Harden,2013-14,G,6.2,8,2.1,0.5,33.2,0.618,0.221,5.7,5.4,54,4,1,1
0,Stephen Curry,2013-14,G,5.9,11.7,2.2,0.2,32.8,0.61,0.225,7.4,6.7,51,6,1,1
4,Kevin Durant,2013-14,F,9.6,7.2,1.7,1,41.8,0.635,0.295,8.8,8.5,59,2,1,1
0,Damian Lillard,2013-14,G,5,7.9,1.1,0.4,29.2,0.568,0.157,2.7,3.5,54,4,1,1
1,Kyrie Irving,2013-14,G,5.4,8.9,2.2,0.5,30.5,0.533,0.128,3.2,3.3,33,10,1,0
9,LeBron James,2013-14,F,9.7,8.8,2.2,0.5,37.9,0.649,0.264,8.9,8,54,2,1,1
3,Blake Griffin,2013-14,F,13.2,5.4,1.6,0.9,33.7,0.583,0.205,4.6,4.8,57,3,1,1
0,Anthony Davis,2013-14,F,14.9,2.3,2,4.2,30.8,0.582,0.212,4.5,3.9,34,12,1,0
3,LaMarcus Aldridge,2013-14,F,15.5,3.6,1.3,1.4,32.5,0.507,0.144,0.3,1.5,54,4,1,1
0,DeMar DeRozan,2013-14,G,5.9,5.4,1.5,0.5,31,0.532,0.141,0.7,2,48,3,1,0
0,John Wall,2013-14,G,5.8,12.5,2.6,0.7,27.4,0.524,0.128,2.6,3.4,44,5,1,0
6,Chris Paul,2013-14,G,6.2,15.3,3.5,0.1,27.3,0.58,0.27,7.4,5.2,57,3,1,1
1,Joakim Noah,2013-14,C,17,8.1,1.9,2.3,19,0.531,0.19,6.6,6.1,48,3,1,1
7,Dwight Howard,2013-14,C,18,2.7,1.2,2.7,27,0.6,0.161,1.9,2.4,54,4,1,1
2,Kevin Love,2013-14,F,17,6,1,0.6,35.4,0.591,0.245,8.4,7.3,40,10,1,1
5,Tony Parker,2013-14,G,3.9,9.8,0.9,0.2,28.7,0.555,0.141,-0.5,0.8,62,1,1,1
0,Al Jefferson,2013-14,C,16.1,3.2,1.4,1.6,32.4,0.532,0.146,1.8,2.5,43,7,0,1
0,Goran Dragić,2013-14,G,4.6,8.4,2,0.4,29,0.604,0.186,3.9,4,48,9,0,1
16,Kobe Bryant,2013-14,G,7.1,10.4,1.9,0.3,22.8,0.505,-0.097,-5.9,-0.2,27,14,1,0
8,Carmelo Anthony,2013-14,F,11.1,4.3,1.7,0.9,37.7,0.561,0.172,3.6,4.2,37,9,1,0
9,Dwyane Wade,2013-14,G,7.1,7.5,2.3,0.9,30.5,0.588,0.149,2.3,1.9,54,2,1,0
12,Dirk Nowitzki,2013-14,F,9.7,4.2,1.4,0.9,33.9,0.603,0.199,3.3,3.5,49,8,1,0
6,Joe Johnson,2013-14,G,5.5,4.4,1,0.2,25.4,0.564,0.091,-0.2,1.2,44,5,1,0
8,Chris Bosh,2013-14,C,10.9,1.8,1.7,1.6,26.6,0.597,0.152,0.5,1.6,54,2,1,0
0,Paul Millsap,2013-14,F,12.8,4.7,2.6,1.6,27.1,0.545,0.129,3.1,3.2,38,8,1,0
1,Roy Hibbert,2013-14,C,11.6,2,0.6,3.9,18.8,0.499,0.108,-0.2,1.1,56,1,1,0
0,Paul George,2012-13,F,10.8,5.9,2.6,0.9,24.7,0.531,0.145,4.7,5,49,3,1,1
0,James Harden,2012-13,G,6.3,7.6,2.4,0.6,33.8,0.6,0.206,5.5,5.7,45,8,1,1
3,Kevin Durant,2012-13,F,10.6,6.2,1.9,1.7,37.6,0.647,0.291,7.7,7.6,60,1,1,1
0,Kyrie Irving,2012-13,G,5.5,8.9,2.3,0.5,33.7,0.553,0.125,3.3,2.8,24,13,1,0
8,LeBron James,2012-13,F,11.2,10.1,2.4,1.2,37.5,0.64,0.322,11.6,9.8,66,1,1,1
2,Blake Griffin,2012-13,F,13.4,6.1,2,1,29.2,0.572,0.196,4.8,4.5,56,4,1,1
2,Russell Westbrook,2012-13,G,7.7,10.9,2.6,0.4,34.2,0.532,0.195,5,5.1,60,1,1,1
2,LaMarcus Aldridge,2012-13,F,12.6,3.6,1.2,1.7,29.4,0.53,0.124,0.8,2,33,11,1,0
5,Chris Paul,2012-13,G,5.9,15.3,3.8,0.2,26.7,0.594,0.287,7.5,5.6,56,4,1,1
1,Marc Gasol,2012-13,C,12.1,6.2,1.6,2.7,21.9,0.559,0.197,6.1,5.7,56,5,0,1
14,Tim Duncan,2012-13,C,16.8,4.5,1.2,4.5,30.1,0.554,0.191,4.1,3.2,58,2,1,1
0,Joakim Noah,2012-13,C,16.2,5.8,1.7,3.1,17.4,0.534,0.145,5.2,4.4,45,5,1,0
6,Dwight Howard,2012-13,C,17.6,2,1.6,3.5,24.2,0.573,0.134,1.3,2.3,45,7,1,1
4,Tony Parker,2012-13,G,4.6,11.7,1.3,0.1,31.4,0.588,0.206,2.7,2.6,58,2,1,1
15,Kobe Bryant,2012-13,G,7.3,7.9,1.8,0.4,36,0.57,0.174,4.7,5.1,45,7,1,1
7,Carmelo Anthony,2012-13,F,9.9,3.7,1.1,0.7,41.4,0.56,0.184,2.4,2.8,54,2,1,1
1,David Lee,2012-13,F,15.5,4.9,1.2,0.4,25.5,0.561,0.15,2.5,3.3,47,6,1,1
8,Dwyane Wade,2012-13,G,7.6,7.8,2.8,1.2,32.4,0.571,0.192,3.9,3.5,66,1,1,1
1,Tyson Chandler,2012-13,C,17.4,1.5,1,1.9,17,0.671,0.207,3.5,3,54,2,1,0
3,Rajon Rondo,2012-13,G,7.8,15.4,2.6,0.3,19.2,0.516,0.108,1.8,1.3,41,7,1,0
2,Zach Randolph,2012-13,F,17.8,2.2,1.3,0.6,24.3,0.506,0.145,0.2,1.4,56,5,1,0
15,Kevin Garnett,2012-13,C,13.7,4.1,2,1.6,26,0.535,0.133,1,1.5,41,7,1,0
7,Chris Bosh,2012-13,C,10.8,2.7,1.4,2.2,26.6,0.592,0.175,1.2,2,66,1,1,0
1,Luol Deng,2012-13,F,8.8,4.1,1.5,0.6,22.9,0.508,0.105,1.1,2.2,45,5,1,0
0,Jrue Holiday,2012-13,G,5.9,11.3,2.2,0.6,24.9,0.496,0.055,0.6,1.9,34,9,1,0
0,Brook Lopez,2012-13,C,12.3,1.7,0.8,3.7,34.5,0.567,0.191,1.4,1.9,49,4,1,0
2,Kevin Durant,2011-12,F,10.7,4.7,1.8,1.6,37.5,0.61,0.23,5.2,4.6,58.39393939,2,1,1
7,LeBron James,2011-12,F,11.1,8.8,2.6,1.1,38.1,0.605,0.298,11,7.6,57.15151515,2,1,1
1,Blake Griffin,2011-12,F,16.1,4.7,1.2,1.1,30.8,0.557,0.185,4.1,3.7,49.6969697,5,1,1
1,Russell Westbrook,2011-12,G,6.7,8,2.5,0.5,34.5,0.538,0.163,3.2,3,58.39393939,2,1,1
1,LaMarcus Aldridge,2011-12,F,11.7,3.5,1.3,1.2,31.4,0.56,0.169,2.4,2.2,34.78787879,11,1,0
4,Chris Paul,2011-12,G,5.3,13.4,3.8,0.1,29.3,0.581,0.278,7.9,5.4,49.6969697,5,1,1
0,Marc Gasol,2011-12,C,12.9,4.6,1.4,2.7,21.2,0.541,0.166,3.9,3.5,50.93939394,4,1,0
5,Dwight Howard,2011-12,C,20.4,2.7,2.1,3,29,0.569,0.179,3.8,3,45.96969697,6,1,1
1,Kevin Love,2011-12,F,17.6,2.7,1.1,0.7,34.3,0.568,0.223,4.5,3.5,32.3030303,12,1,1
3,Tony Parker,2011-12,G,4.6,12.4,1.5,0.1,29.4,0.539,0.177,1.7,1.8,62.12121212,1,1,1
14,Kobe Bryant,2011-12,G,7.4,6.3,1.6,0.4,38.4,0.527,0.132,2.3,2.4,50.93939394,3,1,1
6,Carmelo Anthony,2011-12,F,9.4,5.5,1.7,0.7,34.2,0.525,0.16,2.9,2.3,44.72727273,7,1,1
7,Dwyane Wade,2011-12,G,7.7,7.3,2.7,2,35,0.559,0.227,6.3,3.4,57.15151515,2,1,1
0,Andrew Bynum,2011-12,C,17.8,2.1,0.7,2.9,28.2,0.594,0.183,1.8,2,50.93939394,3,1,1
0,Tyson Chandler,2011-12,C,15.3,1.4,1.4,2.2,17.5,0.708,0.22,4.1,3.2,44.72727273,7,0,1
11,Dirk Nowitzki,2011-12,F,10.6,3.4,1.1,0.8,33.9,0.564,0.175,1.8,2,44.72727273,7,1,1
2,Rajon Rondo,2011-12,G,7,16.8,2.6,0.1,17.1,0.483,0.121,1.3,1.6,48.45454545,4,1,1
2,Derrick Rose,2011-12,G,5.1,12,1.4,1.1,33.4,0.532,0.211,4.9,2.4,62.12121212,1,1,0
7,Steve Nash,2011-12,G,4.9,17.5,1,0.2,20.4,0.625,0.144,-0.5,0.7,41,10,1,0
3,Deron Williams,2011-12,G,4.9,12.8,1.8,0.5,30.7,0.527,0.099,2.1,2.1,27.33333333,12,1,0
5,Joe Johnson,2011-12,G,5.5,5.8,1.2,0.3,28.2,0.557,0.145,2.1,2.2,49.6969697,5,1,0
9,Paul Pierce,2011-12,F,8.1,7,1.8,0.7,30.2,0.567,0.161,4.4,3.4,48.45454545,4,1,0
6,Chris Bosh,2011-12,F,11.9,2.7,1.3,1.2,26.9,0.551,0.165,0,1,57.15151515,2,1,0
0,Luol Deng,2011-12,F,8.9,4,1.4,0.9,20.9,0.5,0.132,2.1,2.2,62.12121212,1,1,0
0,Roy Hibbert,2011-12,C,15.6,2.9,0.9,3.5,22.8,0.539,0.154,3,2.4,52.18181818,3,1,0
0,Andre Iguodala,2011-12,F,9.2,8.2,2.6,0.7,18.7,0.537,0.158,4.4,3.6,43.48484848,8,1,0
1,Kevin Durant,2010-11,F,9.1,3.6,1.5,1.3,36.8,0.589,0.189,2.9,3.7,55,4,1,1
6,LeBron James,2010-11,F,10.2,9.6,2.1,0.9,36.4,0.594,0.244,8.6,8.2,58,2,1,1
0,Blake Griffin,2010-11,F,16.4,5.2,1,0.7,30.7,0.549,0.152,3.2,4,32,13,1,0
0,Russell Westbrook,2010-11,G,6.9,12.2,2.8,0.5,32.6,0.538,0.159,5,5,55,4,1,1
0,LaMarcus Aldridge,2010-11,F,12.1,2.9,1.4,1.6,30.1,0.549,0.166,2.4,3.5,48,6,0,1
3,Chris Paul,2010-11,G,6.1,14.7,3.5,0.1,23.8,0.578,0.232,6.4,6.1,46,7,1,1
3,Pau Gasol,2010-11,C,14.6,4.8,0.8,2.3,26.8,0.589,0.232,5.3,5.6,57,2,1,1
13,Tim Duncan,2010-11,C,16.4,4.9,1.2,3.5,24.6,0.537,0.171,3.8,3.2,61,1,1,0
4,Dwight Howard,2010-11,C,19.7,1.9,1.9,3.3,32,0.616,0.235,4.8,5,52,4,1,1
0,Kevin Love,2010-11,F,21.2,3.5,0.9,0.5,28.1,0.593,0.21,3.7,3.8,17,15,1,0
13,Kobe Bryant,2010-11,G,8,7.4,1.9,0.2,39.6,0.548,0.178,3.8,4.1,57,2,1,1
5,Carmelo Anthony,2010-11,F,10.3,4,1.2,0.8,36,0.557,0.138,0.5,1.8,42,6,1,0
6,Dwyane Wade,2010-11,G,9.1,6.5,2.1,1.6,36.3,0.581,0.218,5.9,5.7,58,2,1,1
10,Dirk Nowitzki,2010-11,F,10.8,4,0.8,1,35.3,0.612,0.213,3.8,3.7,57,3,1,1
1,Rajon Rondo,2010-11,G,6.2,16,3.2,0.2,15.2,0.495,0.126,2,2.5,56,3,1,0
1,Derrick Rose,2010-11,G,5.8,10.9,1.5,0.9,35.6,0.55,0.208,5.9,6,62,1,1,1
5,Amar'e Stoudemire,2010-11,C,11.1,3.5,1.2,2.6,34.5,0.565,0.134,0.7,1.9,42,6,1,1
1,Al Horford,2010-11,C,14.3,5.3,1.2,1.6,23.4,0.587,0.179,4.4,4.4,44,5,1,1
1,Zach Randolph,2010-11,F,17.5,3.1,1.2,0.5,28.8,0.552,0.185,2.5,3.1,46,8,0,1
2,Deron Williams,2010-11,G,5.6,14.3,1.7,0.3,28.1,0.566,0.142,2.8,3,24,12,1,0
4,Joe Johnson,2010-11,G,6.1,7.1,1,0.1,27.6,0.517,0.08,-0.2,1.2,44,5,1,0
7,Yao Ming,2010-11,C,15.1,2.2,0,4.5,28.6,0.579,0.147,-2.8,0,43,9,1,0
8,Paul Pierce,2010-11,F,8.2,5,1.5,1,28.9,0.62,0.201,4.7,4.7,56,3,1,0
14,Kevin Garnett,2010-11,F,15.1,4.1,2.3,1.4,25.3,0.575,0.194,4,3.4,56,3,1,0
5,Chris Bosh,2010-11,F,12.1,2.7,1.1,0.9,27.2,0.569,0.177,0.4,1.7,58,2,1,0
9,Ray Allen,2010-11,G,5,4,1.4,0.3,24.3,0.615,0.166,3.6,4.1,56,3,1,0
2,Manu Ginobili,2010-11,G,6.3,8.4,2.6,0.6,29.9,0.581,0.195,5.3,4.5,61,1,1,1
0,Kevin Durant,2009-10,F,9.9,3.7,1.8,1.3,39.4,0.607,0.238,5.1,5.8,50,8,1,1
5,LeBron James,2009-10,F,9.8,11.5,2.2,1.4,40,0.604,0.299,12.5,10.9,61,1,1,1
2,Chris Paul,2009-10,G,5.8,14.5,2.9,0.2,25.5,0.584,0.204,4.9,3,37,11,1,0
2,Pau Gasol,2009-10,C,15.8,4.7,0.8,2.4,25.6,0.593,0.22,5.4,4.5,57,1,1,1
12,Tim Duncan,2009-10,C,16.9,5.3,1,2.5,30,0.56,0.215,5.6,4.7,50,7,1,1
3,Dwight Howard,2009-10,C,19.8,2.6,1.4,4.2,27.6,0.63,0.223,5.5,5.4,59,2,1,1
12,Kobe Bryant,2009-10,G,7.1,6.7,2.1,0.4,35.9,0.545,0.16,3.6,4,57,1,1,1
4,Carmelo Anthony,2009-10,F,8.7,4.3,1.7,0.6,37.4,0.548,0.145,1.4,2.3,53,4,1,1
0,David Lee,2009-10,C,16.1,5,1.4,0.7,27.7,0.584,0.163,2.9,3.7,29,11,1,0
5,Dwyane Wade,2009-10,G,7.2,9.6,2.7,1.6,39.2,0.562,0.224,9.4,8,47,5,1,1
9,Dirk Nowitzki,2009-10,F,10.6,3.7,1.2,1.3,34.6,0.578,0.194,2.6,3.5,55,2,1,1
0,Rajon Rondo,2009-10,G,6.4,14,3.3,0.2,19.6,0.54,0.156,3.5,4.1,50,4,1,0
0,Derrick Rose,2009-10,G,5.3,8.4,1,0.5,29.1,0.532,0.1,0.5,1.8,41,8,1,0
4,Amar'e Stoudemire,2009-10,F,13,1.5,0.9,1.5,33.6,0.615,0.181,0.3,1.6,54,3,1,1
0,Al Horford,2009-10,C,15,3.5,1.1,1.7,21.5,0.594,0.183,3.3,3.8,53,3,1,0
0,Zach Randolph,2009-10,F,16,2.5,1.3,0.6,28.3,0.546,0.153,0.9,2.2,40,10,1,0
6,Steve Nash,2009-10,G,5.1,16.9,0.8,0.2,25.2,0.615,0.178,1.8,2.6,54,3,1,1
1,Deron Williams,2009-10,G,5.5,14.6,1.8,0.3,25.9,0.574,0.177,3.3,3.7,53,5,1,1
0,Andrew Bogut,2009-10,C,16.5,3,0.9,4.1,25.7,0.54,0.161,3.4,3,46,6,0,1
3,Joe Johnson,2009-10,G,6.5,6.8,1.5,0.1,29.9,0.538,0.14,2.2,3,53,3,1,1
2,Brandon Roy,2009-10,G,6.4,6.9,1.4,0.4,31.6,0.568,0.18,4.1,3.7,50,6,1,1
7,Paul Pierce,2009-10,F,6.7,4.7,1.8,0.7,28.2,0.613,0.165,2.7,2.9,50,4,1,0
4,Chauncey Billups,2009-10,G,4.6,8.3,1.7,0.2,29,0.601,0.182,3.1,3.2,53,4,1,0
13,Kevin Garnett,2009-10,F,12.9,4.7,1.7,1.4,25.2,0.569,0.171,2.6,2.4,50,4,1,0
4,Chris Bosh,2009-10,C,15.5,3.4,0.9,1.4,34.3,0.592,0.182,2.3,2.7,40,9,1,0
11,Allen Iverson,2009-10,G,4.8,6.8,1.1,0.1,23.3,0.515,0.037,-4.2,-0.5,27,13,1,0
10,Jason Kidd,2009-10,G,8,13,2.6,0.6,14.8,0.577,0.148,4.3,4.6,55,2,1,0
0,Chris Kaman,2009-10,C,14,2.4,0.7,1.9,28,0.527,0.044,-3.2,-0.8,29,12,1,0
0,Gerald Wallace,2009-10,F,13,2.7,2,1.4,23.6,0.586,0.177,3.5,4.3,44,7,1,0
4,LeBron James,2008-09,F,10.9,10.4,2.4,1.6,40.8,0.591,0.318,13,11.6,66,1,1,1
1,Chris Paul,2008-09,G,7.9,15.7,3.9,0.2,32.4,0.599,0.292,11.2,10,49,7,1,1
1,Pau Gasol,2008-09,C,13.2,4.8,0.9,1.4,25.9,0.617,0.223,5,5.3,65,1,1,1
11,Tim Duncan,2008-09,C,17.2,5.7,0.8,2.7,31.2,0.549,0.191,4.6,4.2,54,3,1,1
2,Dwight Howard,2008-09,C,20.1,2.1,1.4,4.3,29.9,0.6,0.234,4.4,4.6,59,3,1,1
2,Tony Parker,2008-09,G,4.9,11,1.5,0.1,35,0.556,0.168,3.1,3.2,54,3,1,1
11,Kobe Bryant,2008-09,G,7.4,6.9,2.1,0.6,37.8,0.561,0.206,4.5,4.9,65,1,1,1
3,Carmelo Anthony,2008-09,F,10.1,5,1.7,0.5,33.6,0.532,0.105,0.3,1.3,54,2,0,1
4,Dwyane Wade,2008-09,G,7,10.3,3,1.9,41.8,0.574,0.232,10.7,9.7,43,5,1,1
8,Dirk Nowitzki,2008-09,F,11.7,3.4,1,1.1,36,0.564,0.171,1.2,2.4,50,6,1,1
3,Amar'e Stoudemire,2008-09,F,11,2.7,1.3,1.5,29.1,0.617,0.149,1,1.5,46,9,1,0
2,Joe Johnson,2008-09,G,5.9,7.8,1.4,0.3,28.9,0.534,0.116,1.7,3,47,4,1,0
1,Brandon Roy,2008-09,G,7.1,7.6,1.7,0.4,33.7,0.573,0.223,5.8,5.7,54,4,1,1
6,Yao Ming,2008-09,C,15.6,2.8,0.6,3.1,31.1,0.618,0.196,3,3.3,53,5,1,1
6,Paul Pierce,2008-09,F,8,5.1,1.4,0.5,29,0.582,0.164,2.5,3.4,62,2,1,1
15,Shaquille O'Neal,2008-09,C,14.1,2.8,1.1,2.4,29.6,0.623,0.166,2,2.3,46,9,1,1
3,Chauncey Billups,2008-09,G,4.4,9.3,1.7,0.3,25.6,0.592,0.174,2.5,3.2,54,2,1,1
12,Kevin Garnett,2008-09,F,14.5,4.3,1.9,2,26.9,0.563,0.193,4,2.7,62,2,1,0
3,Chris Bosh,2008-09,C,13.7,3.4,1.2,1.4,31.1,0.569,0.159,2.4,3.3,33,13,1,0
10,Allen Iverson,2008-09,G,4.6,7.4,2.3,0.2,26.2,0.504,0.066,-0.7,0.7,39,8,1,0
8,Ray Allen,2008-09,G,5.1,4,1.3,0.2,26.5,0.624,0.186,3.9,4.3,62,2,1,0
1,Rashard Lewis,2008-09,F,8.2,3.7,1.5,0.9,25.5,0.58,0.16,4.2,4.5,59,3,1,0
1,David West,2008-09,F,11.8,3.2,0.9,1.2,29.2,0.54,0.125,-0.5,1.2,49,7,1,0
0,Danny Granger,2008-09,F,7,3.8,1.4,2,35.5,0.584,0.158,2.9,3,36,9,1,0
0,Devin Harris,2008-09,G,4.9,10.2,2.4,0.3,31.5,0.563,0.145,2.5,2.8,34,11,1,0
0,Jameer Nelson,2008-09,G,5.8,9,2,0.1,27.9,0.612,0.22,5.1,2.4,59,3,1,0
3,LeBron James,2007-08,F,10.4,9.5,2.4,1.4,39.6,0.568,0.242,11.2,10.1,45,4,1,1
0,Chris Paul,2007-08,G,5.7,16.4,3.9,0.1,29.9,0.576,0.284,9.2,8.5,56,2,1,1
10,Tim Duncan,2007-08,C,18,4.4,1.1,3.1,30.8,0.546,0.201,4.7,4.5,56,3,1,1
1,Dwight Howard,2007-08,C,19.3,1.8,1.2,2.9,28.2,0.619,0.2,2.2,3.3,52,3,1,1
10,Kobe Bryant,2007-08,G,8.1,6.9,2.4,0.6,36.5,0.576,0.208,5.4,6,57,1,1,1
2,Carmelo Anthony,2007-08,F,9.8,4.4,1.7,0.7,33.9,0.568,0.14,1.6,2.6,50,8,1,0
3,Dwyane Wade,2007-08,G,5.8,9.6,2.4,1,34.1,0.549,0.082,3,2.5,15,15,1,0
7,Dirk Nowitzki,2007-08,F,12.7,5.1,1,1.4,34.9,0.585,0.223,5.2,5,51,7,1,1
2,Amar'e Stoudemire,2007-08,C,13.3,2.2,1.2,3,36.9,0.656,0.262,3.9,4,55,6,1,1
5,Steve Nash,2007-08,G,5,16,0.9,0.1,24.5,0.641,0.181,1.6,2.6,55,6,1,1
0,Deron Williams,2007-08,G,4.1,14.5,1.5,0.4,26,0.595,0.177,2.1,3.2,54,4,0,1
1,Joe Johnson,2007-08,G,5.8,7.5,1.3,0.3,28.1,0.535,0.1,1.1,2.7,37,8,1,0
0,Brandon Roy,2007-08,G,6.8,8.4,1.5,0.3,27.7,0.531,0.138,3.5,3.9,41,10,1,0
5,Yao Ming,2007-08,C,15.4,3.4,0.6,2.9,31.4,0.587,0.196,2.9,2.6,55,5,1,1
5,Paul Pierce,2007-08,F,7.5,6.7,1.9,0.7,28.8,0.599,0.207,4.7,4.9,66,1,1,1
2,Chauncey Billups,2007-08,G,4.6,11.5,2.2,0.4,28.9,0.619,0.257,6.1,5.2,59,2,1,0
11,Kevin Garnett,2007-08,F,14.9,5.5,2.3,2,30.3,0.588,0.265,7.4,5.5,66,1,1,1
1,Carlos Boozer,2007-08,F,15.4,4.2,1.8,0.7,31.1,0.581,0.173,3.2,3.7,54,4,1,1
7,Tracy McGrady,2007-08,G,7.4,8.4,1.5,0.7,31.1,0.487,0.115,2.4,2.7,55,5,0,1
2,Chris Bosh,2007-08,C,12.8,3.8,1.4,1.5,32.8,0.588,0.2,3.7,3.5,41,6,1,0
9,Allen Iverson,2007-08,G,3.4,8.2,2.2,0.2,30.4,0.567,0.163,1.6,3.1,50,8,1,0
7,Ray Allen,2007-08,G,5.4,4.5,1.3,0.3,25.6,0.584,0.177,3.1,3.4,66,1,1,0
9,Jason Kidd,2007-08,G,10.9,14.6,2.5,0.5,15.7,0.499,0.097,2.8,3.5,51,7,1,0
3,Rasheed Wallace,2007-08,C,12,3.2,2.1,3,22.9,0.523,0.155,4,3.6,59,2,1,0
2,Richard Hamilton,2007-08,G,5.3,6.8,1.7,0.2,28.2,0.552,0.152,2.5,2.8,59,2,1,0
1,Caron Butler,2007-08,F,9,6.6,3,0.5,27.4,0.558,0.15,4.7,3.9,43,5,1,0
1,Antawn Jamison,2007-08,F,14.1,2.1,1.9,0.6,29.6,0.525,0.144,0.3,1.8,43,5,1,0
0,David West,2007-08,F,12.6,3.3,1.2,1.8,29.1,0.535,0.14,1.1,2.3,56,2,1,0
1,Manu Ginobili,2007-08,G,8.3,7.8,2.6,0.8,33.9,0.612,0.232,8.1,5.9,56,3,0,1
2,LeBron James,2006-07,F,8.7,7.8,2.1,0.9,35.3,0.552,0.206,7.4,7.6,50,2,1,1
9,Tim Duncan,2006-07,C,16.6,5.4,1.3,3.7,31.4,0.579,0.23,7.1,6.3,58,3,1,1
0,Dwight Howard,2006-07,C,17.8,2.8,1.2,2.8,25.5,0.619,0.154,3.6,4.3,40,8,1,1
1,Tony Parker,2006-07,G,5.3,9,1.8,0.1,30.6,0.572,0.185,2.7,3,58,3,1,0
9,Kobe Bryant,2006-07,G,7.2,6.7,1.8,0.6,39.7,0.58,0.199,4.7,5.3,42,7,1,1
1,Carmelo Anthony,2006-07,F,7.7,4.9,1.5,0.5,37.3,0.552,0.14,2,2.5,45,6,1,1
2,Dwyane Wade,2006-07,G,6.6,10.6,3,1.7,38.6,0.583,0.219,8.4,5.1,44,4,1,1
6,Dirk Nowitzki,2006-07,F,13.2,5,1,1.2,36.4,0.605,0.278,6.7,6.2,67,1,1,1
1,Amar'e Stoudemire,2006-07,C,14.7,1.6,1.5,2.1,31.2,0.637,0.201,1.6,2.4,61,2,1,1
4,Steve Nash,2006-07,G,5,16.5,1.1,0.1,26.4,0.654,0.225,3.8,3.9,61,2,1,1
0,Joe Johnson,2006-07,G,5.4,5.6,1.4,0.2,32.2,0.558,0.105,1.6,2.1,30,13,1,0
4,Yao Ming,2006-07,C,14.7,3.1,0.6,3.1,39.2,0.601,0.22,2.3,1.8,52,5,1,1
14,Shaquille O'Neal,2006-07,C,14,3.7,0.4,2.6,32.4,0.567,0.119,0.9,0.8,44,4,1,0
1,Chauncey Billups,2006-07,G,5.1,10.9,1.8,0.4,25.9,0.591,0.216,4.4,4.1,53,1,1,1
10,Kevin Garnett,2006-07,F,17.2,5.5,1.6,2.2,30,0.546,0.171,5,5.2,32,13,1,1
0,Carlos Boozer,2006-07,F,17.8,4.5,1.4,0.4,31.7,0.588,0.185,4.6,4.3,51,4,1,0
6,Tracy McGrady,2006-07,G,7.9,9.5,1.9,0.8,36.4,0.515,0.163,6.2,5.2,52,5,1,1
1,Chris Bosh,2006-07,C,14.5,3.4,0.8,1.8,30.5,0.577,0.174,2.6,3.1,47,3,1,1
2,Gilbert Arenas,2006-07,G,5.9,7.7,2.4,0.2,36.5,0.565,0.177,5,5.2,41,7,1,1
3,Shawn Marion,2006-07,F,13.1,2.2,2.6,2,23.4,0.594,0.191,5.5,5.7,61,2,1,0
8,Allen Iverson,2006-07,G,3.5,8.5,2.2,0.2,31,0.54,0.108,0.8,1.9,45,6,1,0
6,Ray Allen,2006-07,G,5.8,5.4,1.9,0.3,34.3,0.564,0.136,3.4,3,31,14,1,0
8,Jason Kidd,2006-07,G,11.7,13.2,2.3,0.4,18.6,0.516,0.152,5,5.2,41,6,1,0
5,Jermaine O'Neal,2006-07,C,14,3.5,1.1,3.8,28.3,0.5,0.091,0.4,1.5,35,9,1,0
7,Vince Carter,2006-07,G,8.3,6.6,1.4,0.5,34.8,0.559,0.161,4.1,4.8,41,6,1,0
1,Richard Hamilton,2006-07,G,5.6,5.7,1.2,0.3,29.6,0.551,0.141,1.1,2.2,53,1,1,0
0,Caron Butler,2006-07,F,9.6,4.8,2.8,0.4,24.8,0.537,0.103,1.9,2.5,41,7,1,0
0,Josh Howard,2006-07,F,10.4,2.8,1.8,1.2,28.8,0.548,0.173,2.8,3,67,1,1,0
0,Mehmet Okur,2006-07,C,11.4,3.1,0.7,0.7,27.6,0.571,0.158,2,2.7,51,4,1,0
1,LeBron James,2005-06,F,8.8,8.3,2,1,39.4,0.568,0.232,9.3,9.5,50,4,1,1
0,Pau Gasol,2005-06,F,12.7,6.6,0.8,2.7,28.9,0.555,0.184,5.1,5.6,49,5,1,0
8,Tim Duncan,2005-06,F,17.2,4.9,1.4,3.2,28.9,0.523,0.187,4.6,4.6,63,1,1,1
0,Tony Parker,2005-06,G,5.2,9.2,1.7,0.1,30.2,0.584,0.169,2.6,3.1,63,1,1,0
8,Kobe Bryant,2005-06,G,6.8,5.8,2.4,0.5,45.6,0.559,0.224,5.8,6.5,45,7,1,1
0,Carmelo Anthony,2005-06,F,6.8,3.8,1.5,0.7,36.9,0.563,0.153,1.5,2.6,44,3,0,1
1,Dwyane Wade,2005-06,G,7.8,9.1,2.6,1.1,37,0.577,0.239,7.5,7,52,2,1,1
5,Dirk Nowitzki,2005-06,F,12.9,4,1,1.5,38.1,0.589,0.275,5.7,6,60,4,1,1
3,Steve Nash,2005-06,G,6,14.8,1.1,0.2,26.7,0.632,0.212,3.7,4,54,2,1,1
3,Yao Ming,2005-06,C,16.3,2.4,0.8,2.6,35.6,0.592,0.211,2.4,2.2,34,12,1,1
4,Paul Pierce,2005-06,F,8.9,6.3,1.8,0.6,35.7,0.582,0.178,4.3,4.9,33,11,1,0
13,Shaquille O'Neal,2005-06,C,15.7,3.3,0.7,3,34.3,0.586,0.164,2.6,2.1,52,2,1,1
0,Chauncey Billups,2005-06,G,4.8,13.2,1.3,0.2,28.3,0.602,0.254,4.7,4.9,64,1,1,1
9,Kevin Garnett,2005-06,F,17.7,5.6,1.9,2,30.3,0.589,0.242,7.9,7.4,33,14,1,0
5,Tracy McGrady,2005-06,F,9.6,7,1.8,1.3,35.8,0.494,0.112,4.8,3,34,12,1,0
0,Chris Bosh,2005-06,C,12.4,3.5,1,1.5,30.1,0.585,0.17,2.5,3.1,27,12,1,0
1,Gilbert Arenas,2005-06,G,4.3,7.4,2.5,0.4,36.1,0.581,0.193,5.5,6.4,42,5,1,1
4,Ben Wallace,2005-06,C,17.7,3,2.8,3.5,11.4,0.501,0.168,5.8,5.7,64,1,1,1
1,Elton Brand,2005-06,F,13.3,3.5,1.4,3.4,33,0.58,0.229,6.3,6.5,47,6,1,1
2,Shawn Marion,2005-06,F,14.7,2.2,2.5,2.1,27.2,0.591,0.214,5.3,5.9,54,2,1,1
7,Allen Iverson,2005-06,G,3.9,8.9,2.3,0.2,39.7,0.543,0.165,3.5,4.3,38,9,1,1
5,Ray Allen,2005-06,G,5.8,5,1.8,0.3,33.9,0.59,0.15,3.6,4.2,35,11,1,0
4,Jermaine O'Neal,2005-06,F,14.1,4,0.8,3.5,30.4,0.53,0.131,1.9,1.8,41,6,1,0
6,Vince Carter,2005-06,G,8.5,6.2,1.7,1,35.1,0.536,0.153,4.4,4.7,49,3,1,0
2,Rasheed Wallace,2005-06,F,10.9,3.6,1.6,2.6,24.1,0.527,0.154,3.5,3.9,64,1,1,0
0,Richard Hamilton,2005-06,G,5,5.4,1,0.3,31.5,0.553,0.13,0.2,1.5,64,1,1,0
0,LeBron James,2004-05,F,9.3,9.1,2.8,0.8,34.3,0.554,0.203,8.3,8.8,42,9,1,1
7,Tim Duncan,2004-05,F,17.9,4.4,1.1,4.3,32.9,0.54,0.245,6.4,4.7,59,2,1,1
7,Kobe Bryant,2004-05,G,7.7,7.8,1.7,1,35.7,0.563,0.145,4.6,4.5,34,11,1,1
0,Dwyane Wade,2004-05,G,7.1,9.2,2.2,1.5,33,0.561,0.177,4.4,4.8,59,1,1,1
4,Dirk Nowitzki,2004-05,F,13,4.1,1.7,2,34.8,0.578,0.248,5.7,5.9,58,4,1,1
0,Amar'e Stoudemire,2004-05,C,12.4,2.3,1.3,2.3,36,0.617,0.243,3.4,3.9,62,1,1,1
2,Steve Nash,2004-05,G,4.8,16.7,1.4,0.1,22.7,0.606,0.203,1.7,2.4,62,1,1,1
2,Yao Ming,2004-05,C,14.8,1.3,0.8,3.5,32.4,0.614,0.21,1.6,2.2,51,5,1,0
3,Paul Pierce,2004-05,F,9.4,6,2.3,0.7,30.8,0.583,0.182,4.3,4.7,45,3,1,0
12,Shaquille O'Neal,2004-05,C,16.1,4.2,0.8,3.6,35.4,0.583,0.211,5.6,4.7,59,1,1,1
8,Kevin Garnett,2004-05,F,19.1,8,2.1,1.9,31.4,0.567,0.248,9.7,9.3,44,9,1,1
4,Tracy McGrady,2004-05,F,8.2,7.6,2.3,0.9,34,0.526,0.18,6.8,7,51,5,1,1
0,Gilbert Arenas,2004-05,G,5.9,6.5,2.2,0.4,32,0.565,0.169,4,4.9,45,5,1,1
3,Ben Wallace,2004-05,C,18.6,2.5,2.2,3.6,14.9,0.459,0.153,3.8,3.9,54,2,1,1
1,Shawn Marion,2004-05,F,14.6,2.4,2.6,1.9,25,0.556,0.191,4.9,5.5,62,1,1,1
6,Allen Iverson,2004-05,G,4.8,9.5,2.9,0.1,36.7,0.532,0.136,4.3,5,43,7,1,1
4,Ray Allen,2004-05,G,6.2,5.2,1.5,0.1,33.3,0.555,0.168,3.7,4.4,52,3,1,1
3,Jermaine O'Neal,2004-05,F,14,3,0.9,3.2,38.4,0.52,0.118,-0.6,0.5,44,6,1,0
5,Vince Carter,2004-05,G,7.6,6.2,2.1,0.9,35.6,0.541,0.159,5.3,5.2,42,8,1,0
7,Grant Hill,2004-05,F,6.9,4.8,2.1,0.6,28.5,0.565,0.136,1.6,2.1,36,10,1,0
0,Antawn Jamison,2004-05,F,10.2,3,1.1,0.3,26.3,0.506,0.1,-1.2,0.5,45,5,1,0
0,Rashard Lewis,2004-05,F,7.9,1.9,1.5,1.3,29.5,0.571,0.15,2.8,3.3,52,3,1,0
0,Manu Ginobili,2004-05,G,8.1,7.1,2.9,0.7,29.2,0.609,0.24,7,5,59,2,1,0
1,Zydrunas Ilgauskas,2004-05,C,13.7,2,1.1,3.4,27,0.55,0.149,1,2,42,9,1,0
6,Tim Duncan,2003-04,F,18.3,4.5,1.3,3.9,32.8,0.534,0.249,7.3,5.9,57,3,1,1
6,Kobe Bryant,2003-04,G,7.6,7,2.4,0.6,33.1,0.551,0.21,5.7,4.7,56,2,1,1
3,Dirk Nowitzki,2003-04,C,11.8,3.7,1.6,1.8,29.7,0.561,0.19,3.4,4,52,5,1,1
1,Yao Ming,2003-04,C,14.9,2.5,0.4,3.2,29.1,0.586,0.202,1.9,2.6,45,7,1,1
2,Paul Pierce,2003-04,G,8.7,6.8,2.2,0.9,30.5,0.517,0.109,2.1,3.2,36,8,1,0
11,Shaquille O'Neal,2003-04,C,16.2,4.1,0.7,3.5,30.4,0.578,0.192,5.4,4.6,56,2,1,1
7,Kevin Garnett,2003-04,F,19,6.8,2,3,33.2,0.547,0.272,9.9,9.8,58,1,1,1
3,Tracy McGrady,2003-04,G,7.9,7.3,1.8,0.8,37.1,0.526,0.151,5.8,5.3,21,15,1,1
2,Ben Wallace,2003-04,C,18,2.5,2.6,4.4,13.8,0.441,0.16,5.1,5.5,54,3,1,1
5,Allen Iverson,2003-04,G,4.8,8.7,3.1,0.1,33.8,0.478,0.066,2.5,2.3,33,11,1,0
3,Ray Allen,2003-04,G,7.1,6.6,1.8,0.3,31.9,0.566,0.153,4,3.3,37,12,1,0
7,Jason Kidd,2003-04,G,9.4,13.5,2.7,0.3,22.7,0.485,0.141,4.5,4.1,47,2,1,1
2,Jermaine O'Neal,2003-04,F,15.3,3.2,1.2,3.9,30.8,0.489,0.155,1.8,2.7,61,1,1,1
2,Peja Stojaković,2003-04,F,8.1,2.7,1.7,0.2,31.1,0.624,0.198,3.7,4.7,55,4,1,1
0,Sam Cassell,2003-04,G,5.2,11.3,1.9,0.3,30.5,0.566,0.205,4.3,4.5,58,1,1,1
1,Baron Davis,2003-04,G,5.8,10,3.2,0.5,30.7,0.492,0.133,5.6,5.2,41,5,1,1
0,Michael Redd,2003-04,G,7.1,3.2,1.4,0.1,30.8,0.544,0.154,2.2,3.2,41,6,1,1
4,Vince Carter,2003-04,G,6.9,6.9,1.7,1.3,32.7,0.501,0.103,2.9,3.4,33,10,1,0
2,Steve Francis,2003-04,G,7.4,8.4,2.4,0.6,22.4,0.501,0.107,2.5,3.6,45,7,1,0
1,Brad Miller,2003-04,F,14.7,6.2,1.3,1.7,20,0.579,0.184,4.3,4.2,55,4,1,0
0,Andrei Kirilenko,2003-04,F,12,4.7,2.9,4.1,24.6,0.559,0.192,8.2,7.5,42,9,1,0
0,Jamaal Magloire,2003-04,C,16.4,1.7,0.8,2,21.7,0.551,0.131,-1.6,0.3,41,5,1,0
0,Kenyon Martin,2003-04,F,14.7,3.8,2.3,2,25.9,0.528,0.142,1.9,2.2,47,2,1,0
0,Ron Artest,2003-04,F,7.8,5.5,3.1,1,26.9,0.511,0.141,4.2,4.2,61,1,1,1
5,Tim Duncan,2002-03,F,17.5,5.3,0.9,4,31.6,0.564,0.248,7.4,7.6,60,1,1,1
5,Kobe Bryant,2002-03,G,8.6,7.3,2.8,1,37.6,0.55,0.21,6.4,7.1,50,5,1,1
2,Dirk Nowitzki,2002-03,F,13.2,4,1.8,1.4,33.5,0.581,0.249,5.7,6.1,60,3,1,1
1,Steve Nash,2002-03,G,4.5,11.4,1.6,0.1,27.8,0.576,0.206,3.3,3.7,60,3,1,1
0,Yao Ming,2002-03,C,15.3,3.1,0.7,3.3,25.1,0.57,0.176,1.9,2.4,43,9,1,0
1,Paul Pierce,2002-03,G,9.9,6,2.4,1.1,34.9,0.532,0.157,4.2,4.9,44,6,1,1
10,Shaquille O'Neal,2002-03,C,15.2,4.2,0.8,3.3,37.7,0.602,0.25,6.3,5.3,50,5,1,1
6,Kevin Garnett,2002-03,F,17.3,7.8,1.8,2,29.6,0.553,0.225,8.7,9,51,4,1,1
2,Tracy McGrady,2002-03,G,8.5,7.2,2.2,1,42,0.564,0.262,9.7,8.7,42,8,1,1
1,Ben Wallace,2002-03,C,21.7,2.3,2,4.4,9.7,0.486,0.176,5.1,5.1,50,1,1,1
0,Shawn Marion,2002-03,F,12,3.1,2.9,1.5,26.7,0.538,0.186,5.5,6.4,44,8,1,0
4,Allen Iverson,2002-03,G,5.2,6.8,3.4,0.2,34.1,0.5,0.127,2.8,4.2,48,4,1,1
6,Jason Kidd,2002-03,G,8.8,12.5,3.1,0.4,26.2,0.526,0.182,6.9,6.7,49,2,1,1
1,Jermaine O'Neal,2002-03,F,14.6,2.8,1.2,3.3,29.3,0.539,0.177,2.6,3.3,48,3,1,1
1,Peja Stojaković,2002-03,F,8.2,2.9,1.5,0.1,28.4,0.6,0.199,3.1,3.1,59,2,1,0
5,Chris Webber,2002-03,F,13.5,7,2,1.7,29.6,0.485,0.127,3.8,3.8,59,2,1,1
0,Jamal Mashburn,2002-03,F,8.1,7.5,1.3,0.3,28.7,0.507,0.13,2,3.3,47,5,1,1
2,Stephon Marbury,2002-03,G,4.3,10.6,1.7,0.3,29.2,0.52,0.142,2.4,3.6,44,8,1,1
9,Gary Payton,2002-03,G,5.6,11.2,2.2,0.3,27.5,0.504,0.136,3.2,4.2,42,7,1,0
3,Vince Carter,2002-03,G,6.8,5.2,1.7,1.5,32.1,0.532,0.136,2.7,1.7,24,14,1,0
8,Michael Jordan,2002-03,F,8.9,5.6,2.2,0.7,29.5,0.491,0.099,1,2.3,37,9,1,0
1,Steve Francis,2002-03,G,8.1,8.2,2.3,0.7,27.8,0.541,0.16,4.9,5.8,43,9,1,0
2,Antoine Walker,2002-03,F,9.2,6.1,1.9,0.5,25.6,0.467,0.039,0.3,1.9,44,6,1,0
0,Brad Miller,2002-03,C,13.9,4.5,1.5,1,22.1,0.579,0.202,3.8,3.3,48,3,1,0
0,Zydrunas Ilgauskas,2002-03,C,12.8,2.7,1.2,3.2,29.2,0.516,0.099,-0.9,0.7,17,15,1,0
4,Tim Duncan,2001-02,F,16.7,4.9,1,3.3,33.5,0.576,0.257,7.6,8.1,58,2,1,1
4,Kobe Bryant,2001-02,G,7.5,7.5,2,0.6,34.4,0.544,0.199,4.4,5,58,3,1,1
1,Dirk Nowitzki,2001-02,C,13.5,3.3,1.5,1.4,31.8,0.599,0.222,4.7,4.8,57,4,1,1
0,Steve Nash,2001-02,G,4.6,11.6,1,0.1,26.7,0.602,0.167,2.3,3.1,57,4,1,1
0,Paul Pierce,2001-02,G,8.9,4.1,2.4,1.4,33.7,0.57,0.187,4.9,5.7,49,3,1,1
9,Shaquille O'Neal,2001-02,C,15.4,4.3,0.9,2.9,39.2,0.59,0.262,7,5.5,58,3,1,1
5,Kevin Garnett,2001-02,F,16.4,7,1.6,2.1,28.6,0.536,0.194,6.7,7,50,5,1,1
1,Tracy McGrady,2001-02,G,10.6,7.1,2.1,1.3,34.5,0.532,0.189,6,5.9,44,5,1,1
0,Ben Wallace,2001-02,C,19,2.1,2.5,5.1,11.1,0.522,0.19,5.9,5.9,50,2,0,1
0,Elton Brand,2001-02,F,16.3,3.4,1.4,2.9,25.6,0.586,0.216,6.2,6.2,39,9,1,0
3,Allen Iverson,2001-02,G,5.5,6.8,3.5,0.3,38.8,0.489,0.126,3.8,3.9,43,6,1,1
2,Ray Allen,2001-02,G,6.6,5.7,1.9,0.4,31.7,0.598,0.169,4.3,4,41,9,1,0
5,Jason Kidd,2001-02,G,10.2,13.8,3,0.3,20.7,0.484,0.14,5.1,5.4,52,1,1,1
0,Jermaine O'Neal,2001-02,F,14.6,2.3,0.9,3.2,26.4,0.521,0.113,0.2,1.5,42,8,1,1
0,Peja Stojaković,2001-02,F,7.1,3.3,1.5,0.3,28.6,0.592,0.179,2.7,3.2,61,1,1,0
0,Baron Davis,2001-02,G,5.6,11.3,2.8,0.8,23.9,0.498,0.118,4.2,5.2,44,4,1,0
4,Chris Webber,2001-02,F,13.2,6.3,2.2,1.8,32.1,0.54,0.2,6.2,4.3,61,1,1,1
8,Gary Payton,2001-02,G,6.5,12,2.1,0.4,29.6,0.526,0.183,4.6,5.5,45,7,1,1
7,Dikembe Mutombo,2001-02,C,16,1.5,0.5,3.5,17.1,0.574,0.158,1.3,2.5,43,6,1,1
2,Vince Carter,2001-02,G,7.1,5.4,2.1,1,33.6,0.515,0.14,4.1,3.7,42,7,1,0
12,Karl Malone,2001-02,F,12,6,2.7,1,31.3,0.532,0.155,3.7,4.4,44,8,1,0
7,Alonzo Mourning,2001-02,C,14.1,1.9,0.6,4.2,26.3,0.558,0.145,1.1,1.9,36,11,1,0
7,Michael Jordan,2001-02,F,8.8,8,2.2,0.7,35.7,0.468,0.075,2.4,2.4,37,10,1,0
0,Steve Francis,2001-02,G,9.3,8.4,1.6,0.6,28.7,0.517,0.091,2.9,2.9,28,11,1,0
1,Antoine Walker,2001-02,F,10.9,6.2,1.9,0.6,27.3,0.49,0.094,3,4.3,49,3,1,0
0,Shareef Abdur-Rahim,2001-02,F,12.2,4.2,1.7,1.4,28.7,0.536,0.116,2,3,33,12,1,0
0,Wally Szczerbiak,2001-02,F,6.7,4.4,1.1,0.4,26,0.58,0.134,1.9,3.1,50,5,1,0
3,Tim Duncan,2000-01,F,16.8,4.1,1.2,3.2,30.7,0.536,0.2,5.4,5.9,58,1,1,1
3,Kobe Bryant,2000-01,G,7.5,6.4,2.1,0.8,36.4,0.552,0.196,4.2,4.4,56,2,1,1
0,Dirk Nowitzki,2000-01,F,12.4,2.9,1.3,1.7,29.4,0.601,0.224,4.7,5.3,53,5,0,1
8,Shaquille O'Neal,2000-01,C,16.8,5,0.8,3.7,38,0.574,0.245,7.3,6.8,56,2,1,1
4,Kevin Garnett,2000-01,F,15,6.5,1.8,2.4,29.1,0.531,0.176,5.7,6.2,47,8,1,1
0,Tracy McGrady,2000-01,G,9.7,5.9,1.9,2,34.5,0.521,0.189,5.6,5.9,43,7,1,1
2,Allen Iverson,2000-01,G,4.9,5.8,3.2,0.4,39.3,0.518,0.19,4.8,5.1,56,1,1,1
1,Ray Allen,2000-01,G,7.1,6.2,2.1,0.3,30.1,0.61,0.211,5.6,6,52,2,1,1
4,Jason Kidd,2000-01,G,8.3,12.7,2.8,0.4,21.8,0.51,0.15,4.8,5.3,51,6,1,1
3,Chris Webber,2000-01,F,13.9,5.3,1.7,2.1,34,0.516,0.186,4.9,4.9,55,3,1,1
1,Stephon Marbury,2000-01,G,4.2,10.3,1.6,0.1,32.7,0.54,0.147,3.7,3.7,26,12,1,0
7,Gary Payton,2000-01,G,5.8,10.4,2.1,0.4,29.5,0.522,0.16,4.3,5.1,44,10,1,1
6,Dikembe Mutombo,2000-01,C,20.6,1.5,0.6,4.1,15.2,0.547,0.151,1.4,2.2,56,1,1,1
1,Vince Carter,2000-01,F,7.4,5.2,2,1.5,36.7,0.551,0.208,7,6.8,47,5,1,1
9,David Robinson,2000-01,C,15.6,2.6,1.8,4.5,26,0.559,0.246,5.5,4.5,58,1,1,1
11,Karl Malone,2000-01,F,12.4,6.7,1.7,1.1,34.7,0.572,0.217,5.9,5.8,53,4,1,1
6,Alonzo Mourning,2000-01,C,18.2,2.2,0.7,5.6,31.9,0.536,0.148,0.5,0.2,50,3,1,0
6,Grant Hill,2000-01,F,9.7,9.7,1.9,0.8,21.3,0.505,0.126,0.3,0.1,43,7,1,0
1,Antonio McDyess,2000-01,F,17.1,3,0.9,2.1,29.6,0.538,0.146,1.1,2,40,11,1,0
1,Anthony Mason,2000-01,F,13,4.2,1.4,0.4,21.9,0.555,0.171,2.7,3.8,50,3,1,0
3,Latrell Sprewell,2000-01,F,6.4,4.9,1.9,0.5,25,0.497,0.082,0.5,1.9,48,4,1,0
1,Rasheed Wallace,2000-01,F,11,3.9,1.6,2.5,27.1,0.56,0.18,4.1,4.5,50,7,1,0
1,Michael Finley,2000-01,F,6.4,5.4,1.8,0.5,26.4,0.521,0.119,2.3,3.7,53,5,1,0
1,Allan Houston,2000-01,G,5.5,3.4,1,0.2,28.3,0.543,0.126,0.3,1.6,48,4,1,0
1,Glenn Robinson,2000-01,F,9.7,4.7,1.6,1.1,31,0.525,0.114,0.7,1.9,52,2,1,0
1,Jerry Stackhouse,2000-01,G,5,6.5,1.5,0.9,37.5,0.521,0.137,3.7,4.6,32,10,1,0
0,Antonio Davis,2000-01,C,15.2,2.1,0.4,2.9,20.7,0.508,0.127,-0.1,1.3,47,5,1,0
0,Vlade Divac,2000-01,C,14.1,4.9,1.8,2,20.5,0.536,0.147,2.8,2.9,55,3,1,0
0,Theo Ratliff,2000-01,C,12.2,1.7,0.9,5.5,18.3,0.562,0.138,3.3,2.4,56,1,1,0
2,Tim Duncan,1999-00,F,16.9,4.3,1.2,3,31.6,0.555,0.218,6.1,5.9,53,4,1,1
2,Kobe Bryant,1999-00,G,8.5,6.6,2.2,1.3,30.3,0.546,0.202,5.3,4.7,67,1,1,1
7,Shaquille O'Neal,1999-00,C,17.5,4.9,0.6,3.9,38.1,0.578,0.283,9.7,9.3,67,1,1,1
3,Kevin Garnett,1999-00,F,15.4,6.5,1.9,2,29.9,0.545,0.172,6.1,6.6,50,6,1,1
1,Allen Iverson,1999-00,G,4.8,6,2.6,0.1,36.1,0.496,0.116,2.6,3.3,49,5,1,1
0,Ray Allen,1999-00,G,6.1,5.2,1.9,0.3,30.5,0.57,0.157,3,3.9,42,8,1,0
3,Jason Kidd,1999-00,G,9.4,13.2,2.6,0.5,18.7,0.498,0.156,4.1,4.1,53,5,1,1
2,Chris Webber,1999-00,F,13.2,5.8,2,2.1,30.8,0.53,0.179,5.9,5.7,44,8,1,1
0,Stephon Marbury,1999-00,G,4.3,11.2,2,0.3,29.5,0.528,0.123,1.8,2.8,31,12,0,1
6,Gary Payton,1999-00,G,7.9,11,2.3,0.3,29.8,0.535,0.195,6.8,7.6,45,7,1,1
5,Dikembe Mutombo,1999-00,C,20.3,1.8,0.5,4.7,16.5,0.621,0.16,2.8,3.6,28,14,1,0
0,Vince Carter,1999-00,F,7.9,5.3,1.8,1.5,35,0.543,0.182,4.6,5.2,45,6,1,1
8,David Robinson,1999-00,C,15.9,2.9,2,3.8,29.5,0.568,0.238,5.5,4.8,53,4,1,1
10,Karl Malone,1999-00,F,14.2,5.5,1.4,1.3,38.1,0.582,0.249,6.9,6.6,55,2,1,1
5,Alonzo Mourning,1999-00,C,14.7,2.4,0.8,5.7,33.5,0.596,0.226,4.6,4.6,52,2,1,1
5,Grant Hill,1999-00,F,8.9,7,1.9,0.8,34.5,0.565,0.185,4.8,4.7,42,7,1,1
2,Eddie Jones,1999-00,G,6.2,5.6,3.5,0.9,26.3,0.555,0.172,5.3,5.2,49,4,1,1
9,John Stockton,1999-00,G,4.7,15.5,3.1,0.3,21.8,0.591,0.222,3.7,3.5,55,2,1,0
4,Reggie Miller,1999-00,G,4.1,3.2,1.5,0.4,25.4,0.603,0.162,3.3,4,56,1,1,0
0,Rasheed Wallace,1999-00,F,10.6,2.7,1.6,2,24.9,0.556,0.156,2.1,2.9,59,3,1,0
0,Michael Finley,1999-00,F,7.6,6.4,1.6,0.5,27.1,0.522,0.114,2.4,3.8,40,9,1,0
0,Allan Houston,1999-00,G,4.6,3.8,1.1,0.2,27.4,0.569,0.13,1.5,2.8,50,3,1,0
0,Glenn Robinson,1999-00,F,8.6,3.4,1.4,0.7,30.1,0.534,0.08,-0.8,0.9,42,8,1,0
0,Jerry Stackhouse,1999-00,G,5,5.8,1.6,0.6,30.9,0.545,0.111,0.6,2,42,7,1,0
0,Dale Davis,1999-00,C,17.7,1.6,1.3,2.3,18,0.537,0.161,1.6,2,56,1,1,0
0,Tim Duncan,1997-98,F,16.6,3.8,0.9,3.5,29.3,0.577,0.192,5.5,6,56,5,1,1
0,Kobe Bryant,1997-98,G,6,5,1.8,1,30.4,0.548,0.147,0.2,1.1,61,3,1,0
5,Shaquille O'Neal,1997-98,C,16.1,3.3,0.9,3.4,40.1,0.587,0.224,4.6,3.6,61,3,1,1
1,Kevin Garnett,1997-98,F,12.6,5.6,2.2,2.4,24.4,0.527,0.143,4.8,5.5,45,7,1,0
1,Jason Kidd,1997-98,G,8.6,12.5,2.7,0.4,16.1,0.502,0.123,3.1,4,56,4,1,0
4,Gary Payton,1997-98,G,6.4,11.5,3.1,0.3,26.7,0.544,0.19,5,5.6,61,2,1,1
4,Dikembe Mutombo,1997-98,C,17.5,1.5,0.6,5.2,20.7,0.584,0.177,2.5,3.3,50,5,1,1
7,David Robinson,1997-98,C,17.1,4.4,1.4,4.2,34.8,0.581,0.269,7.8,6.1,56,5,1,1
8,Karl Malone,1997-98,F,14.8,5.6,1.7,1.2,38.9,0.597,0.259,7,6.9,62,1,1,1
3,Grant Hill,1997-98,F,10.3,9.1,2.4,0.9,28.3,0.52,0.149,4.8,5.6,37,11,1,1
1,Eddie Jones,1997-98,G,5.3,4.3,2.8,1,23.8,0.592,0.166,4.3,4.6,61,3,1,0
4,Tim Hardaway,1997-98,G,5.4,12.1,2.4,0.3,27.5,0.53,0.185,4.6,5.1,55,2,1,1
6,Michael Jordan,1997-98,G,8.1,4.8,2.4,0.8,40,0.533,0.238,4.6,5.3,62,1,1,1
3,Vin Baker,1997-98,C,11.9,2.8,1.7,1.6,28.6,0.564,0.169,2,3,61,2,1,1
0,Rod Strickland,1997-98,G,7,13.9,2.2,0.4,23.4,0.501,0.129,2.6,3.5,42,9,0,1
7,Scottie Pippen,1997-98,F,7.4,8.3,2.6,1.4,27.5,0.533,0.193,5.8,3.2,62,1,0,1
2,Glen Rice,1997-98,F,5.8,3,1.3,0.4,29.8,0.568,0.136,0.7,2.3,51,4,1,1
3,Reggie Miller,1997-98,G,4.5,3.3,1.5,0.2,30.8,0.619,0.206,4.3,4.4,58,3,1,1
5,Mitch Richmond,1997-98,G,4.6,5.7,1.8,0.3,32.9,0.569,0.148,2.3,2.8,27,9,1,1
3,Anfernee Hardaway,1997-98,G,6.7,6,2.5,1.3,27.4,0.479,0.085,0.2,0.3,41,10,1,0
5,Shawn Kemp,1997-98,F,14.4,3.8,2.1,1.7,27.8,0.512,0.118,1.6,2.5,47,6,1,0
0,Antoine Walker,1997-98,F,13.2,4.3,2.2,0.9,29,0.481,0.07,0.7,2.2,36,12,1,0
0,Steve Smith,1997-98,G,5.9,5.6,1.4,0.6,28.1,0.563,0.171,3.1,3.7,50,5,1,0
0,Rik Smits,1997-98,C,13.2,2.6,1,2.3,31.9,0.532,0.141,0.3,1.2,58,3,1,0
0,Jayson Williams,1997-98,C,19.9,1.5,1,1.1,18.8,0.541,0.172,2.1,2.4,43,8,1,0
0,Nick VanExel,1997-98,G,4.8,11,1.6,0.1,22,0.538,0.166,1.4,1.8,61,3,1,0
4,Shaquille O'Neal,1996-97,C,17.4,4.3,1.2,4,36.3,0.556,0.197,6.3,4,56,4,1,1
0,Kevin Garnett,1996-97,F,10.9,4.2,1.9,2.9,23.1,0.537,0.116,2.9,3.7,40,6,1,0
0,Chris Webber,1996-97,F,13.8,6.1,2.3,2.5,26.8,0.554,0.159,6.6,6.1,44,8,1,0
3,Gary Payton,1996-97,G,6.3,9.6,3.3,0.2,29.5,0.545,0.193,5.6,6.2,57,2,1,1
3,Dikembe Mutombo,1996-97,C,17.3,2,0.9,4.9,19.8,0.584,0.183,3.2,3.9,56,4,1,0
7,Karl Malone,1996-97,F,14.4,6.5,2,0.9,40,0.6,0.268,8.5,7.9,64,1,1,1
3,Alonzo Mourning,1996-97,C,15.4,2.4,1.3,4.4,30.7,0.578,0.174,2.7,2.7,61,2,1,0
2,Grant Hill,1996-97,F,13,10.5,2.6,0.9,30.9,0.556,0.223,8,7.9,54,5,1,1
0,Eddie Jones,1996-97,G,5.7,4.7,3.3,0.9,24.1,0.559,0.154,4,4.5,56,4,1,0
3,Tim Hardaway,1996-97,G,4.8,12.1,2.6,0.2,28.5,0.532,0.198,5.1,5.6,61,2,1,1
7,Hakeem Olajuwon,1996-97,C,13.2,4.3,2.1,3.2,33.2,0.558,0.154,3.2,3.7,57,3,1,1
7,John Stockton,1996-97,G,4.2,15.8,3.1,0.3,21.8,0.656,0.226,3.9,4.3,64,1,1,1
5,Michael Jordan,1996-97,G,8.3,6,2.4,0.8,41.8,0.567,0.283,6.7,6.8,69,1,1,1
2,Vin Baker,1996-97,F,13.6,3.6,1.4,1.9,27.8,0.553,0.127,2.6,3.7,33,11,1,1
6,Scottie Pippen,1996-97,F,9.2,8,2.7,0.8,28.5,0.554,0.203,6.6,6.7,69,1,1,1
1,Glen Rice,1996-97,F,5.1,2.6,1.2,0.4,34.1,0.605,0.154,1.2,2.7,54,6,1,1
4,Mitch Richmond,1996-97,G,5.4,5.7,2,0.4,35.3,0.578,0.166,3.3,4.2,34,9,1,1
7,Patrick Ewing,1996-97,C,15.3,2.9,1.3,3.5,32.2,0.548,0.163,1.7,2.7,57,3,1,1
0,Anthony Mason,1996-97,F,14.3,7.1,1.3,0.6,20.5,0.585,0.173,4.5,5.2,54,6,0,1
2,Anfernee Hardaway,1996-97,G,6.4,8.1,2.3,0.9,29.6,0.554,0.175,4.7,3.8,45,7,1,1
4,Shawn Kemp,1996-97,F,15.6,3,2.4,1.6,29.3,0.583,0.174,2,2.8,57,2,1,0
7,Charles Barkley,1996-97,F,18.7,6.5,1.8,0.7,26.5,0.581,0.224,7.1,4.6,57,3,1,0
2,Detlef Schrempf,1996-97,F,9.6,6.4,1.5,0.4,24.8,0.592,0.174,2.8,2.7,57,2,1,0
7,Clyde Drexler,1996-97,G,8.6,8.2,2.7,0.8,25.7,0.548,0.172,5.6,4.3,57,3,1,0
2,Latrell Sprewell,1996-97,G,5.7,7.9,2.1,0.7,30.2,0.57,0.115,2.6,3.9,30,10,1,0
5,Joe Dumars,1996-97,G,3.7,6.2,1.1,0,22.5,0.586,0.144,1.2,2.3,54,5,1,0
1,Terrell Brandon,1996-97,G,6.1,9.9,2.8,0.6,30.7,0.526,0.181,4.6,4.8,42,9,1,0
0,Chris Gatling,1996-97,F,15.5,1.2,1.6,1.3,37.3,0.58,0.145,-2.6,-0.2,26,13,1,0
0,Tom Gugliotta,1996-97,F,11.9,5.7,2.2,1.5,28.3,0.526,0.103,2,3.2,40,6,1,0
0,Christian Laettner,1996-97,F,12.7,3.9,1.8,1.1,26.2,0.562,0.177,2.8,3.8,56,4,1,0
3,Shaquille O'Neal,1995-96,C,16,4.2,0.9,3.1,38.5,0.57,0.171,3.5,2.7,60,2,1,1
0,Jason Kidd,1995-96,G,9.2,13,2.9,0.4,22.3,0.468,0.068,2.7,3.5,26,13,1,0
2,Gary Payton,1995-96,G,5.5,9.8,3.7,0.3,25.3,0.554,0.174,4.7,5.3,64,1,1,1
2,Dikembe Mutombo,1995-96,C,16.7,2.1,0.7,6.4,15.6,0.562,0.134,3.2,3.6,35,10,1,0
6,David Robinson,1995-96,C,17,4.2,1.9,4.6,34.9,0.589,0.29,9.2,8.5,59,2,1,1
6,Karl Malone,1995-96,F,13.8,5.9,2.4,1,36.1,0.575,0.233,7.3,7.4,55,3,1,1
2,Alonzo Mourning,1995-96,C,14.3,3.1,1.4,3.7,32,0.584,0.178,4.4,4.3,42,8,1,0
1,Grant Hill,1995-96,F,13.1,9.2,1.7,0.8,27.2,0.537,0.172,5.1,5.8,46,7,1,1
6,Hakeem Olajuwon,1995-96,C,14.4,4.7,2.1,3.8,35.6,0.558,0.166,4.6,4.7,48,5,1,1
6,John Stockton,1995-96,G,4.1,16.8,2.6,0.3,22.1,0.642,0.214,3.7,4.2,55,3,1,1
4,Michael Jordan,1995-96,G,9.3,6,3.1,0.7,42.5,0.582,0.317,8.6,8.3,72,1,1,1
1,Vin Baker,1995-96,F,12.9,3.4,1.1,1.5,27.7,0.527,0.089,0.4,2.1,25,13,1,0
5,Scottie Pippen,1995-96,F,9.3,8.4,2.5,1.1,27.9,0.551,0.209,6.8,6.3,72,1,1,1
0,Glen Rice,1995-96,F,6.3,3.9,1.5,0.3,28.5,0.584,0.127,1.8,3,41,9,1,0
2,Reggie Miller,1995-96,G,4.4,5.2,1.6,0.3,32.9,0.625,0.188,3.9,3.9,52,3,1,1
3,Mitch Richmond,1995-96,G,4.7,4.4,2.2,0.3,32.7,0.591,0.151,2.9,3.6,39,8,1,1
6,Patrick Ewing,1995-96,C,15.3,3,1.3,3.5,32.4,0.516,0.116,-0.4,1.1,47,5,1,0
1,Anfernee Hardaway,1995-96,G,6.1,10.1,2.9,0.7,30.9,0.605,0.229,6.4,6.4,60,2,1,1
3,Shawn Kemp,1995-96,F,17.6,3.4,1.8,2.5,30.1,0.631,0.205,3.8,3.9,64,1,1,1
6,Charles Barkley,1995-96,F,16.1,5.1,2.2,1.1,32.3,0.585,0.191,5.9,5.2,41,7,1,1
0,Juwan Howard,1995-96,F,10.3,5.6,1,0.6,27.8,0.53,0.082,0.2,1.8,39,10,1,1
6,Clyde Drexler,1995-96,G,9.6,7.8,2.7,0.6,25.9,0.551,0.161,4.7,3.4,48,5,1,0
0,Terrell Brandon,1995-96,G,5.6,11,3,0.7,32.9,0.573,0.237,6,5.2,47,4,1,0
1,Sean Elliott,1995-96,F,7,3.7,1.2,0.6,27.2,0.585,0.128,2,2.9,59,2,1,0
2,Shaquille O'Neal,1994-95,C,15.6,3.7,1.3,3.3,40,0.588,0.23,5.4,5.4,57,1,1,1
1,Gary Payton,1994-95,G,4.7,9.7,3.4,0.2,28.2,0.564,0.187,4.5,5,57,4,1,1
1,Dikembe Mutombo,1994-95,C,17.4,1.9,0.7,5.4,16,0.595,0.135,3.5,4.3,41,8,1,0
5,David Robinson,1994-95,C,14.5,3.9,2.2,4.3,36.9,0.602,0.273,8.4,8.1,62,1,1,1
5,Karl Malone,1994-95,F,14.4,4.7,2.1,1.4,36.3,0.59,0.212,5.8,6.1,60,3,1,1
1,Alonzo Mourning,1994-95,C,13.6,2,0.9,4,29.4,0.593,0.153,1.3,2.5,50,4,1,0
0,Grant Hill,1994-95,F,8.6,6.8,2.4,1.2,26.8,0.541,0.097,1.8,2.6,28,12,1,0
5,Hakeem Olajuwon,1994-95,C,13.8,4.6,2.4,4.3,35.8,0.563,0.181,5.3,5.3,47,6,1,1
5,John Stockton,1994-95,G,4.5,18.3,3.5,0.4,21.8,0.651,0.233,5.5,5.4,60,3,1,1
0,Vin Baker,1994-95,F,13,4.6,1.3,1.8,22.4,0.511,0.083,1.6,3.1,34,9,1,0
4,Scottie Pippen,1994-95,F,11.1,7.1,4,1.5,29.3,0.559,0.188,7.8,7.4,47,5,1,1
1,Reggie Miller,1994-95,G,4.2,4.8,2,0.3,31.8,0.62,0.204,4.3,4.3,52,2,1,1
2,Mitch Richmond,1994-95,G,5.9,5.1,1.5,0.5,30.6,0.551,0.12,1.8,3,39,9,1,1
5,Patrick Ewing,1994-95,C,15.6,3.8,1.2,2.9,34,0.555,0.157,2.2,3.1,55,3,1,0
0,Anfernee Hardaway,1994-95,G,5.8,9.6,2.3,0.5,28.1,0.599,0.177,4.2,4.5,57,1,1,1
2,Shawn Kemp,1994-95,F,16.8,2.8,1.9,2.3,28.7,0.61,0.19,3.1,3.5,57,4,1,1
5,Charles Barkley,1994-95,F,15.9,5.8,2.3,0.9,32.8,0.572,0.214,6.4,5.1,59,2,1,1
2,Dennis Rodman,1994-95,F,26.6,3.1,1,0.7,11.3,0.604,0.178,3.8,2.3,62,1,0,1
1,Detlef Schrempf,1994-95,F,8.8,5.4,1.6,0.6,27.4,0.641,0.215,4.5,4.7,57,4,1,1
5,Clyde Drexler,1994-95,G,9,6.8,2.5,0.8,30.9,0.577,0.206,6.5,5.9,47,6,0,1
1,Latrell Sprewell,1994-95,G,4.5,4.9,2,0.8,25.1,0.519,0.034,-1.1,0.7,26,11,1,0
4,Joe Dumars,1994-95,G,3.2,7.5,1.5,0.1,24.6,0.541,0.032,-2.6,-0.4,28,12,1,0
2,Dan Majerle,1994-95,F,6.1,5.5,1.6,0.6,20.7,0.555,0.12,3,3.9,59,2,1,0
0,Dana Barros,1994-95,G,4.4,9.8,2.4,0.1,26.8,0.632,0.183,4.3,5.3,24,13,1,0
0,Cedric Ceballos,1994-95,F,11.5,2.6,1.5,0.5,31.3,0.57,0.123,0,1,48,5,1,0
0,Tyrone Hill,1994-95,C,18.1,1.3,1.3,1,22.7,0.554,0.138,-1.1,0.5,43,6,1,0
1,Shaquille O'Neal,1993-94,C,16.8,3.1,1.2,3.6,37.2,0.605,0.252,6.6,7.1,50,4,1,1
0,Gary Payton,1993-94,G,4.7,8.7,3.3,0.3,23.6,0.526,0.155,2.8,3.5,63,1,1,1
4,David Robinson,1993-94,C,14.1,6.3,2.3,4.4,39.2,0.577,0.296,10.9,10.6,55,4,1,1
4,Karl Malone,1993-94,F,14.6,5.1,1.9,2,31.9,0.55,0.193,6.3,6.9,53,5,1,1
0,Alonzo Mourning,1993-94,C,14.9,2.1,0.7,4.6,31.4,0.588,0.151,0.5,1.3,41,9,1,0
4,Hakeem Olajuwon,1993-94,C,14.7,4.4,2,4.6,33.7,0.565,0.21,7,7.4,58,2,1,1
4,John Stockton,1993-94,G,4.5,17.9,3.5,0.4,21.5,0.608,0.214,4.4,4.8,53,5,1,1
3,Scottie Pippen,1993-94,F,11.9,7.6,4,1.1,30,0.544,0.194,8.3,7.2,55,3,1,1
1,Mitch Richmond,1993-94,G,4.9,5.3,1.8,0.3,31,0.551,0.106,1.2,2.3,28,10,1,1
4,Patrick Ewing,1993-94,C,15.4,3.1,1.6,3.8,33.7,0.551,0.211,4.5,4.9,57,2,1,0
1,Shawn Kemp,1993-94,F,16.5,4,2.8,3.2,27.8,0.593,0.216,6.5,5.6,63,1,1,1
4,Charles Barkley,1993-94,F,15.7,6.4,2.2,0.8,30.3,0.563,0.185,5.7,4.5,56,3,1,1
4,Clyde Drexler,1993-94,G,9.3,6.9,2,0.7,27.1,0.514,0.14,3.9,3.5,47,7,1,0
0,Latrell Sprewell,1993-94,G,5.5,5.3,2.5,1,23.6,0.532,0.108,2,3.6,50,6,1,1
3,Kevin Johnson,1993-94,G,3.4,12.9,2.5,0.2,27.1,0.566,0.17,0.9,1.8,56,3,1,1
1,Derrick Coleman,1993-94,F,15.7,4.7,1.2,2.6,28.2,0.534,0.171,4.5,4.5,45,7,1,1
4,Dominique Wilkins,1993-94,F,9.1,3.2,1.7,0.6,36.4,0.529,0.153,0.9,1.9,27,11,1,1
2,Mark Price,1993-94,G,5,12.9,2.3,0.2,28.9,0.586,0.201,4.6,3.9,47,6,1,1
1,Danny Manning,1993-94,F,9.1,5.1,1.9,1.6,27.4,0.519,0.066,0.6,1.7,57,1,1,0
0,Kenny Anderson,1993-94,G,5.2,12.6,2.5,0.2,24.6,0.491,0.114,2.1,3.2,45,7,1,0
0,Mookie Blaylock,1993-94,G,7.4,13.8,3.7,0.8,19.5,0.487,0.168,5.3,5.4,57,1,1,0
0,Horace Grant,1993-94,F,15.6,4.8,1.5,1.7,21.5,0.54,0.188,5.2,4.6,55,3,1,0
0,Charles Oakley,1993-94,F,17,3.8,1.9,0.3,17.1,0.54,0.172,4,4.4,57,2,1,0
0,Clifford Robinson,1993-94,C,9.4,2.7,2,1.9,28,0.513,0.126,0.6,1.9,47,7,1,0
0,John Starks,1993-94,G,4.7,8.7,2.4,0.2,28.2,0.516,0.135,2.7,2.4,57,2,1,0
0,BJ Armstrong,1993-94,G,3.2,6.1,1.5,0.2,22.9,0.547,0.13,-0.9,0.8,55,3,1,0
3,Isaiah Thomas,1992-93,G,4.1,11.8,2.2,0.3,24.5,0.488,0.061,0.2,1.6,40,10,1,0
0,Shaquille O'Neal,1992-93,C,18.2,2.5,1,4.6,30.7,0.584,0.163,3.7,4.4,41,9,1,0
3,David Robinson,1992-93,C,15,4.7,2,4.1,30,0.569,0.197,6.7,7,49,5,1,1
3,Karl Malone,1992-93,F,14.7,4.9,2,1.4,35.6,0.612,0.238,7.6,7.6,47,6,1,1
2,Tim Hardaway,1992-93,G,4.9,12.9,2.1,0.2,26.2,0.534,0.138,2.8,3.2,34,10,1,1
3,Hakeem Olajuwon,1992-93,C,16.7,4.6,2.4,5.4,33.6,0.577,0.234,8.4,8.5,55,2,1,1
3,John Stockton,1992-93,G,4.1,17.1,3.5,0.4,21.5,0.584,0.177,3.3,3.8,47,6,1,1
3,Michael Jordan,1992-93,G,8.8,7.2,3.7,1,43,0.564,0.27,9.5,8.9,57,2,1,1
2,Scottie Pippen,1992-93,F,10.3,8.4,2.9,1.2,25.1,0.51,0.132,4.3,5,57,2,1,1
0,Mitch Richmond,1992-93,G,4.2,6.1,1.5,0.2,27.2,0.558,0.087,-0.3,0.7,25,11,1,0
3,Patrick Ewing,1992-93,C,16.6,2.6,1.3,2.7,33.1,0.546,0.17,2.2,3.2,60,1,1,1
0,Shawn Kemp,1992-93,F,16.1,3,2.3,2.8,26.9,0.547,0.169,3.2,3.4,55,3,1,0
3,Charles Barkley,1992-93,F,15.6,6.5,2,1.2,32.7,0.596,0.242,8.3,7.5,62,1,1,1
0,Detlef Schrempf,1992-93,F,12.6,8,1.3,0.4,25.3,0.571,0.161,4.1,4.8,41,8,1,0
3,Clyde Drexler,1992-93,G,9,8.1,2.8,1.1,28.3,0.517,0.171,6.1,3.4,51,4,1,0
0,Derrick Coleman,1992-93,F,15.4,5,1.7,2.3,28.5,0.54,0.165,4.8,4.8,43,6,0,1
3,Dominique Wilkins,1992-93,F,9,4.2,1.3,0.5,39.4,0.57,0.191,3.6,3.7,43,7,1,1
1,Mark Price,1992-93,G,4.3,12.8,1.9,0.2,29,0.609,0.197,3.2,3.1,54,3,1,1
3,Joe Dumars,1992-93,G,2.5,5.1,1.3,0.1,30.1,0.555,0.141,1.4,2.6,40,10,1,1
0,Dražen Petrović,1992-93,G,3.6,4.6,1.8,0.2,29.4,0.605,0.152,2,2.7,43,6,0,1
3,Chris Mullin,1992-93,F,5.9,4.2,1.7,1,30.2,0.578,0.122,1.7,1.8,34,10,1,0
2,Brad Daugherty,1992-93,C,13.7,5.9,1,1.1,26.9,0.635,0.226,5.2,4.9,54,3,1,0
3,Isiah Thomas,1992-93,G,4.1,11.8,2.2,0.3,24.5,0.488,0.061,0.2,1.6,40,10,1,0
1,Dan Majerle,1992-93,G,5.8,4.7,2.1,0.5,20.9,0.573,0.147,4,4.9,62,1,1,0
0,Larry Nance,1992-93,F,12.3,4.1,1,3.6,23.3,0.587,0.187,4.4,4.4,54,3,1,0
0,Sean Elliott,1992-93,F,6.2,5.1,1.3,0.5,23.3,0.566,0.113,1.6,2.3,49,5,1,0
0,Danny Manning,1992-93,F,9.1,3.6,1.9,1.8,31.6,0.565,0.137,2.1,2.9,41,7,1,0
1,Terry Porter,1992-93,G,5.3,7,1.7,0.2,24.8,0.577,0.147,2.4,3.2,51,4,1,0
2,Isaiah Thomas,1991-92,G,4.4,10.1,2.1,0.3,26,0.505,0.095,0.8,2.1,48,5,1,0
0,Dikembe Mutombo,1991-92,C,15.6,2.8,0.8,3.8,21.1,0.54,0.086,1.4,2.3,24,11,1,0
2,David Robinson,1991-92,C,16.1,3.5,3.1,5.9,30.7,0.597,0.26,10,7.8,47,5,1,1
2,Karl Malone,1991-92,F,15,4,1.8,0.8,37.4,0.599,0.237,5.3,5.6,55,2,1,1
1,Tim Hardaway,1991-92,G,4.3,11.2,2.3,0.2,26.4,0.537,0.132,2.6,3.9,55,3,1,1
2,Hakeem Olajuwon,1991-92,C,16.2,3,2.4,5.8,28.9,0.553,0.178,5,4.7,42,9,1,0
2,John Stockton,1991-92,G,4.5,18.9,4.1,0.4,21.7,0.59,0.215,5.1,5.3,55,2,1,1
2,Michael Jordan,1991-92,G,8.4,8,3,1.2,39.4,0.579,0.274,8.6,8.3,67,1,1,1
1,Scottie Pippen,1991-92,F,10.1,9.2,2.5,1.5,27.6,0.555,0.192,6.5,6.8,67,1,1,1
2,Patrick Ewing,1991-92,C,15.1,2.6,1.4,4,32.3,0.563,0.198,4,4.8,51,4,1,1
2,Charles Barkley,1991-92,F,14.8,5.5,2.4,0.8,30.8,0.612,0.205,7.4,6.9,35,10,1,1
1,Dennis Rodman,1991-92,F,24.3,3,1.1,1.1,12.7,0.574,0.183,4.9,5.8,48,5,1,1
2,Clyde Drexler,1991-92,G,8.8,9,2.4,1.2,33.5,0.56,0.223,8.4,7.2,57,1,1,1
2,Kevin Johnson,1991-92,G,4.9,13.9,1.9,0.4,25.6,0.561,0.165,2.2,3.1,53,4,0,1
2,Dominique Wilkins,1991-92,F,9,4.8,1.6,0.7,36.1,0.552,0.152,3,2,38,9,1,0
0,Mark Price,1991-92,G,4.1,12.6,2.2,0.3,29.5,0.61,0.205,3.8,3.1,57,3,1,1
2,Joe Dumars,1991-92,G,3.1,6.2,1.2,0.2,26.8,0.538,0.123,0,1.6,48,5,1,0
2,Chris Mullin,1991-92,F,6.2,4,2.4,0.9,28.8,0.586,0.155,3.5,4.6,55,3,1,1
1,Brad Daugherty,1991-92,C,14.5,5,1.2,1.5,29.9,0.629,0.213,5,4.7,57,3,1,1
0,Kevin Willis,1991-92,F,20.8,2.9,1.2,0.9,24.5,0.535,0.143,1,2.2,38,9,1,1
2,James Worthy,1991-92,F,7.5,6.2,1.9,0.6,26.5,0.49,0.07,0.7,1.5,43,8,1,0
2,Larry Bird,1991-92,F,13.1,9.2,1.3,1,27.4,0.547,0.159,5.5,3.1,51,2,1,0
2,Isiah Thomas,1991-92,G,4.4,10.1,2.1,0.3,26,0.505,0.095,0.8,2.1,48,5,1,0
0,Dan Majerle,1991-92,F,8.2,4.6,2.2,0.7,24,0.551,0.165,4.1,4.4,53,4,1,0
0,Michael Adams,1991-92,G,5.4,10.4,2.5,0.2,24.8,0.506,0.09,1.7,2.6,25,13,1,0
0,Jeff Hornacek,1991-92,G,6.4,6.5,2.5,0.5,25.6,0.592,0.181,5.1,5.5,53,4,1,0
0,Reggie Lewis,1991-92,G,6.4,3,2,1.7,27.8,0.55,0.143,2.4,3.4,51,2,1,0
0,Otis Thorpe,1991-92,F,14.2,4.1,0.9,0.6,23.5,0.619,0.14,2.5,3.5,42,9,1,0
1,Isaiah Thomas,1990-91,G,5,14.1,2.4,0.3,24.5,0.507,0.098,1.8,1.6,50,3,1,0
1,David Robinson,1990-91,C,16.7,3.3,2,5,33.1,0.615,0.264,8.4,8.1,55,2,1,1
1,Karl Malone,1990-91,F,14.8,4.1,1.4,1.2,36.4,0.596,0.225,5.8,6.5,54,5,1,1
0,Tim Hardaway,1990-91,G,4.8,11.4,3.1,0.2,27.1,0.547,0.148,4,4.9,44,7,1,0
1,Hakeem Olajuwon,1990-91,C,18.2,3.1,2.9,5.2,28.1,0.549,0.201,6.3,4.3,52,6,0,1
1,John Stockton,1990-91,G,3.8,18.9,3.8,0.3,22.9,0.604,0.217,4.4,5,54,5,1,1
1,Michael Jordan,1990-91,G,8.1,7.5,3.7,1.4,42.7,0.605,0.321,10.8,9.8,61,1,1,1
1,Patrick Ewing,1990-91,C,14.7,4,1.3,4.2,35.1,0.561,0.155,3.9,4.6,39,8,1,1
1,Charles Barkley,1990-91,F,13.7,5.7,2.2,0.7,37.1,0.635,0.258,9.9,7.4,44,5,1,1
1,Clyde Drexler,1990-91,G,9.1,8.3,2.4,1,29.6,0.563,0.209,7.3,6.7,63,1,1,1
1,Kevin Johnson,1990-91,G,4.6,13.4,2.8,0.2,29.3,0.604,0.22,5.2,5.1,55,4,1,1
1,Dominique Wilkins,1990-91,F,11.6,4.2,1.9,1,33.2,0.555,0.177,4.7,5.2,43,6,1,1
1,Joe Dumars,1990-91,G,3.2,7.6,1.5,0.1,27.9,0.552,0.155,1.8,2.9,50,3,1,1
1,Chris Mullin,1990-91,F,6.2,4.6,2.4,0.9,29.5,0.618,0.176,4.5,5.4,44,7,1,1
0,Brad Daugherty,1990-91,C,14.2,4.3,1.3,0.8,28.2,0.583,0.147,2.2,3.1,33,9,1,0
1,Magic Johnson,1990-91,G,9.6,17.2,1.8,0.3,26.6,0.623,0.251,8.3,7.6,58,3,1,1
0,Bernard King,1990-91,F,6.5,6,1.1,0.3,37.2,0.527,0.07,0.1,1.3,30,10,1,1
1,James Worthy,1990-91,F,6,4.7,1.8,0.6,28.3,0.531,0.143,2.3,3.2,58,3,1,1
1,Larry Bird,1990-91,F,10.9,9.2,2.3,1.2,24.9,0.53,0.14,4.7,3.8,56,2,1,0
1,Tom Chambers,1990-91,F,9.4,3.7,1.2,1,29,0.513,0.105,-1.1,0.6,55,4,1,0
1,Isiah Thomas,1990-91,G,5,14.1,2.4,0.3,24.5,0.507,0.098,1.8,1.6,50,3,1,0
1,Robert Parish,1990-91,C,17.1,1.3,1.3,2.1,24.1,0.637,0.198,1.7,2.3,56,2,1,0
1,Kevin McHale,1990-91,F,11.3,3,0.6,3.4,29.5,0.606,0.182,2.5,2.3,56,2,1,0
0,Alvin Robertson,1990-91,G,8.8,8.5,4.7,0.3,21.1,0.538,0.142,6.1,5.3,48,4,1,0
0,Kevin Duckworth,1990-91,C,10.1,1.7,0.6,0.6,24.4,0.525,0.082,-3.2,-0.7,63,1,1,0
0,Terry Porter,1990-91,G,5.1,11.6,2.8,0.2,24.7,0.632,0.235,6.1,5.5,63,1,1,0
0,Hersey Hawkins,1990-91,G,5,4.8,2.9,0.6,28.5,0.592,0.151,3.5,4.3,44,5,1,0
0,Ricky Pierce,1990-91,G,4.4,3.9,1.4,0.3,36.8,0.586,0.174,-0.2,1,41,8,1,0
0,Isaiah Thomas,1989-90,G,5.2,13,2.4,0.3,25.4,0.501,0.107,2.5,3.4,59,1,1,0
0,David Robinson,1989-90,C,16,2.7,2.2,5.2,32.4,0.597,0.241,6.5,6.4,56,2,1,0
0,Karl Malone,1989-90,F,14.6,3.6,1.9,0.8,40.6,0.626,0.245,6.6,6.7,55,4,1,1
0,Hakeem Olajuwon,1989-90,C,17.5,3.6,2.6,5.7,30.3,0.541,0.173,5.9,6.3,41,8,1,1
0,John Stockton,1989-90,G,3.5,19.4,3.5,0.3,23,0.607,0.238,4.2,4.5,55,4,1,1
0,Michael Jordan,1989-90,G,8.8,8.1,3.5,0.8,42.7,0.606,0.285,10.6,10.1,55,3,1,1
0,Scottie Pippen,1989-90,F,8.6,7,3.3,1.6,21.3,0.528,0.087,2.6,3.6,55,3,1,0
0,Reggie Miller,1989-90,G,4.6,4.8,1.7,0.3,31.2,0.645,0.182,3.8,4.6,42,8,1,0
0,Patrick Ewing,1989-90,C,13.8,2.8,1.2,5,36.2,0.599,0.205,4.6,5.2,45,5,1,1
0,Charles Barkley,1989-90,F,14.7,4.9,2.4,0.8,32.1,0.661,0.269,9.8,9.2,53,2,1,1
0,Dennis Rodman,1989-90,F,16.9,1.5,1.1,1.3,15.4,0.608,0.189,3.4,3.2,59,1,1,0
0,Clyde Drexler,1989-90,G,8.9,7.6,2.5,0.9,29.8,0.551,0.208,7.9,6.6,59,3,1,0
0,Kevin Johnson,1989-90,G,4.6,14.5,1.6,0.2,28.5,0.585,0.2,3.7,4,54,5,1,1
0,Dominique Wilkins,1989-90,F,9,3.5,2.2,0.8,37.1,0.556,0.184,3.7,4.2,41,9,1,0
0,Joe Dumars,1989-90,G,4.2,7.3,1.2,0,26.3,0.555,0.162,1.5,2.3,59,1,1,0
0,Chris Mullin,1989-90,F,7.4,5.1,2,0.7,31.3,0.643,0.174,4.8,4.9,37,10,1,0
0,Magic Johnson,1989-90,G,8.9,15.4,2.2,0.6,30,0.622,0.27,9.5,8.5,63,1,1,1
0,James Worthy,1989-90,F,8,4.8,1.7,0.8,28.4,0.586,0.172,4,4.5,63,1,1,0
0,Larry Bird,1989-90,F,11.8,9.3,1.8,1,30.2,0.546,0.154,6.1,6.1,52,4,1,1
0,Tom Chambers,1989-90,F,8.9,3,1.4,0.7,34.5,0.579,0.176,1.8,2.9,54,5,1,1
0,Isiah Thomas,1989-90,G,5.2,13,2.4,0.3,25.4,0.501,0.107,2.5,3.4,59,1,1,0
0,Robert Parish,1989-90,C,16.2,2.1,0.8,1.4,25.4,0.616,0.157,1.4,2.1,52,4,1,0
0,Kevin McHale,1989-90,F,12.2,3.1,0.5,2.8,30.8,0.623,0.195,3.7,3.9,52,4,1,0
0,Rolando Blackman,1989-90,G,4.8,5,1.3,0.4,26.9,0.552,0.111,0.5,1.9,47,6,1,0
0,Fat Lever,1989-90,G,11.8,8.3,2.7,0.2,23.2,0.504,0.149,5.6,5.4,43,7,1,0
0,AC Green,1989-90,F,13.1,1.7,1.2,0.9,19.5,0.548,0.137,0.4,1.6,63,1,1,0